Year;Owner;PickupsCount;TotalPickupScore;AvgPickupScore;Top3AvgScore;BestPickupScore;BestPickupPlayer;TotalPickupPoints;AvgPickupPoints
2025;Benni;19;958.05;50.42;85.12;88.39;Emeka Egbuka;688.18;36.22
2025;Erik;23;941.1;40.92;72.44;74.93;Woody Marks;463.74;20.16
2025;Ritz;14;704.55;50.33;82.0;84.72;Daniel Jones;444.98;31.78
2025;Simi;7;408.04;58.29;69.55;86.5;Matthew Stafford;353.82;50.55
2025;Marv;5;257.8;51.56;62.7;71.72;Dallas Goedert;143.76;28.75
2025;Juschka;4;219.15;54.79;65.86;72.4;Parker Washington;157.54;39.38
2025;Tommy;4;205.45;51.36;61.26;70.58;Jared Goff;137.72;34.43
2025;Kessi;2;160.59;80.3;80.3;94.47;Drake Maye;308.1;154.05
2024;Erik;19;804.39;42.34;80.79;87.02;Baker Mayfield;485.88;25.57
2024;Benni;16;803.76;50.23;84.97;95.13;Jayden Daniels;666.2;41.64
2024;Ritz;14;778.66;55.62;83.75;89.47;Jordan Addison;476.36;34.03
2024;Marv;10;476.23;47.62;80.17;89.72;J.K. Dobbins;328.08;32.81
2024;Juschka;10;432.46;43.25;60.76;63.22;Sam Darnold;185.08;18.51
2024;Simi;5;372.43;74.49;80.71;91.03;Chuba Hubbard;414.18;82.84
2024;Kessi;6;299.9;49.98;66.98;72.19;Jordan Love;143.96;23.99
2024;Tommy;5;272.55;54.51;74.33;83.69;Rico Dowdle;212.9;42.58
2023;Benni;14;803.35;57.38;86.03;90.74;Puka Nacua;658.22;47.02
2023;Ritz;13;721.44;55.5;86.25;94.51;Kyren Williams;691.86;53.22
2023;Juschka;11;624.38;56.76;71.91;83.9;Sam LaPorta;414.32;37.67
2023;Marv;11;594.62;54.06;80.87;88.41;Kirk Cousins;434.02;39.46
2023;Erik;14;592.65;42.33;69.03;76.46;Kyler Murray;298.9;21.35
2023;Tommy;8;350.19;43.77;67.13;77.18;D'Onta Foreman;181.2;22.65
2023;Kessi;6;258.52;43.09;56.08;60.97;Jaylen Warren;108.86;18.14
2023;Simi;4;145.36;36.34;44.93;89.14;Dak Prescott;195.4;48.85
2022;Juschka;18;817.02;45.39;72.61;91.0;Jeffery Wilson;378.28;21.02
2022;Benni;15;763.02;50.87;89.44;93.64;Dameon Pierce;589.72;39.31
2022;Ritz;10;514.17;51.42;75.0;76.61;Kirk Cousins;294.86;29.49
2022;Erik;10;497.58;49.76;71.79;87.2;Tua Tagovailoa;290.02;29.0
2022;Kessi;6;423.42;70.57;80.58;87.83;Brian Robinson;339.8;56.63
2022;Marv;7;407.0;58.14;77.15;80.84;Christian Kirk;295.16;42.17
2022;Tommy;6;308.28;51.38;69.37;74.98;Justin Fields;176.92;29.49
2022;Simi;9;293.01;32.56;53.06;68.62;Latavius Murray;98.86;10.98
2021;Juschka;21;1251.71;59.61;86.64;91.1;Marquise Brown;805.94;38.38
2021;Kessi;14;684.47;48.89;74.03;87.28;Mac Jones;389.16;27.8
2021;Simi;13;636.52;48.96;77.91;91.67;Cordarrelle Patterson;395.4;30.42
2021;Benni;10;528.1;52.81;87.84;93.31;Darrell Henderson;381.76;38.18
2021;Marv;11;430.07;39.1;68.09;76.26;Matt Ryan;202.58;18.42
2021;Ritz;8;425.52;53.19;75.64;78.68;Chuba Hubbard;210.08;26.26
2021;Tommy;9;395.33;43.93;68.5;76.71;Joe Burrow;196.58;21.84
2021;Erik;8;363.2;45.4;69.08;98.29;Jalen Hurts;403.2;50.4
2020;Tommy;21;962.5;45.83;83.8;86.37;Tom Brady;613.4;29.21
2020;Simi;18;731.05;40.61;65.84;66.84;Giovani Bernard;324.04;18.0
2020;Marv;11;707.16;64.29;89.81;94.2;James Robinson;771.14;70.1
2020;Erik;14;602.53;43.04;68.85;78.31;Hunter Henry;225.02;16.07
2020;Ritz;9;566.78;62.98;81.31;97.16;Aaron Rodgers;547.72;60.86
2020;Juschka;11;527.91;47.99;83.3;89.5;Mike Davis;434.72;39.52
2020;Kessi;9;461.65;51.29;72.82;76.99;J.D. McKissic;276.98;30.78
2020;Benni;7;334.15;47.74;70.34;92.08;Antonio Gibson;216.18;30.88
2019;Benni;22;1000.14;45.46;79.51;82.53;Mark Andrews;614.44;27.93
2019;Ritz;15;677.77;45.18;79.64;94.89;Dak Prescott;594.44;39.63
2019;Simi;14;672.1;48.01;73.75;93.61;Tom Brady;482.46;34.46
2019;Erik;9;535.59;59.51;83.67;97.39;Lamar Jackson;666.84;74.09
2019;Tommy;8;375.87;46.98;62.76;79.49;Devin Singletary;184.42;23.05
2019;Juschka;6;335.34;55.89;79.15;81.17;D.J. Chark;341.6;56.93
2019;Kessi;4;269.78;67.44;73.48;88.87;Carson Wentz;296.3;74.08
2019;Marv;5;230.91;46.18;66.86;87.04;Carlos Hyde;216.3;43.26
2018;Benni;20;913.85;45.69;78.88;94.89;James Conner;606.48;30.32
2018;Marv;11;712.26;64.75;86.57;89.14;Philip Rivers;811.92;73.81
2018;Simi;13;701.01;53.92;81.63;91.62;Matt Ryan;719.7;55.36
2018;Tommy;15;669.96;44.66;82.03;97.76;Patrick Mahomes;678.9;45.26
2018;Juschka;9;564.12;62.68;80.88;90.58;Adrian Peterson;586.86;65.21
2018;Erik;8;428.19;53.52;77.2;89.64;Phillip Lindsay;408.8;51.1
2018;Kessi;7;391.06;55.87;78.23;97.13;Jared Goff;540.86;77.27
2018;Ritz;8;291.02;36.38;57.55;72.13;Kirk Cousins;154.92;19.36
2017;Benni;23;1180.15;51.31;77.97;79.48;Ben Roethlisberger;659.02;28.65
2017;Erik;23;1095.2;47.62;78.64;87.61;Carson Wentz;663.82;28.86
2017;Marv;17;920.51;54.15;84.13;87.23;Alvin Kamara;638.6;37.56
2017;Kessi;18;852.18;47.34;84.33;91.48;Deshaun Watson;621.2;34.51
2017;Tommy;14;769.17;54.94;86.58;91.25;Dak Prescott;626.74;44.77
2017;Ritz;8;358.34;44.79;61.1;69.39;Will Fuller;134.04;16.75
2017;Juschka;5;329.69;65.94;79.48;91.11;Alex Smith;400.1;80.02
2017;Simi;6;200.26;33.38;44.73;56.64;Paul Richardson;65.0;10.83
2016;Ritz;22;905.91;41.18;77.17;79.19;Mike Wallace;519.48;23.61
2016;Erik;17;875.38;51.49;74.33;80.61;LeGarrette Blount;512.52;30.15
2016;Tommy;12;702.46;58.54;87.37;95.53;Matt Ryan;719.38;59.95
2016;Marv;13;675.39;51.95;86.91;90.47;Marcus Mariota;629.68;48.44
2016;Simi;12;612.44;51.04;76.91;85.82;Dak Prescott;418.98;34.91
2016;Juschka;7;429.57;61.37;74.22;84.97;Matthew Stafford;346.88;49.55
2016;Kessi;7;373.62;53.37;81.94;91.58;Jordan Howard;369.9;52.84
2016;Benni;9;371.57;41.29;59.31;78.48;Terrelle Pryor;178.96;19.88
2015;Benni;22;1144.95;52.04;87.03;97.02;Carson Palmer;975.18;44.33
2015;Juschka;19;945.49;49.76;84.59;89.54;Devonta Freeman;823.66;43.35
2015;Ritz;16;783.94;49.0;80.36;86.01;Michael Floyd;521.76;32.61
2015;Simi;11;672.44;61.13;90.73;96.05;Allen Robinson;760.7;69.15
2015;Erik;14;615.32;43.95;75.22;82.78;Jordan Reed;324.52;23.18
2015;Tommy;12;532.92;44.41;71.78;79.69;Andy Dalton;316.84;26.4
2015;Kessi;8;467.8;58.48;82.27;87.92;Eric Decker;422.7;52.84
2015;Marv;6;241.41;40.23;57.15;83.34;Larry Fitzgerald;199.4;33.23
