Year	Owner	Player	Pos	FirstWeek	RosterWeeks	WeeksScored	PointsAfterPickup	AvgPoints	MaxWeekPoints	SeasonTTL	SeasonAVG	SeasonGP	SeasonVORP	PickupShare	Reliability	EarlyFactor	PickupScore	PickupScorePos
2025	Kessi	Drake Maye	QB	3	14	13	261.7	20.13	27.24	310.8	20.7	15.0	26.1	0.842	0.929	0.875	94.53	90.14
2025	Marv	Brady Cook	QB	1	7	6	92.6	15.43	25.5	21.2	7.1	3.0	0.0	1.0	0.857	1.0	93.03	73.99
2025	Benni	Emeka Egbuka	WR	1	16	15	129.9	8.66	24.3	129.9	8.7	15.0	11.5	1.0	0.938	1.0	88.56	95.94
2025	Benni	Dak Prescott	QB	3	8	8	148.98	18.62	27.06	300.4	20.0	15.0	15.7	0.496	1.0	0.875	87.94	77.07
2025	Simi	Matthew Stafford	QB	8	9	8	176.52	22.06	30.88	316.0	21.1	15.0	31.3	0.559	0.889	0.562	86.58	80.8
2025	Ritz	Daniel Jones	QB	3	5	5	92.24	18.45	23.18	234.4	18.0	13.0	0.0	0.394	1.0	0.875	84.29	68.48
2025	Erik	Curtis Samuel	WR	1	9	8	65.6	8.2	15.6	14.1	2.4	6.0	0.0	1.0	0.889	1.0	83.19	90.07
2025	Ritz	Jordan Love	QB	3	6	5	83.38	16.68	26.28	241.1	16.1	15.0	0.0	0.346	0.833	0.875	80.86	58.1
2025	Ritz	Kimani Vidal	RB	7	10	9	79.2	8.8	19.7	100.9	8.4	12.0	0.0	0.785	0.9	0.625	79.65	85.86
2025	Benni	Jacory CroskeyMerritt	RB	1	10	10	73.3	7.33	25.0	105.9	7.1	15.0	0.0	0.692	1.0	1.0	78.38	82.46
2025	Erik	Woody Marks	RB	8	9	8	70.0	8.75	14.1	114.8	8.2	14.0	0.0	0.61	0.889	0.562	74.59	77.55
2025	Juschka	Parker Washington	WR	10	7	6	58.4	9.73	20.5	101.0	7.2	14.0	0.0	0.578	0.857	0.438	71.46	75.46
2025	Erik	Dak Prescott	QB	6	3	3	52.22	17.41	23.26	300.4	20.0	15.0	15.7	0.174	1.0	0.688	70.86	50.96
2025	Marv	Dallas Goedert	TE	8	9	8	62.2	7.78	19.0	118.3	8.5	14.0	16.7	0.526	0.889	0.562	70.83	81.95
2025	Erik	Michael Wilson	WR	13	4	4	52.4	13.1	26.2	111.8	7.5	15.0	0.0	0.469	1.0	0.25	69.79	68.91
2025	Tommy	Jared Goff	QB	12	3	3	53.96	17.99	20.64	284.7	19.0	15.0	0.0	0.19	1.0	0.312	69.72	52.73
2025	Tommy	Keenan Allen	WR	4	13	12	59.0	4.92	17.9	96.4	6.4	15.0	0.0	0.612	0.923	0.812	68.66	73.17
2025	Ritz	Brock Purdy	QB	12	4	3	50.64	16.88	26.2	143.3	20.5	7.0	0.0	0.353	0.75	0.312	67.66	44.52
2025	Benni	Stefon Diggs	WR	6	8	8	52.6	6.58	10.6	104.9	7.0	15.0	0.0	0.501	1.0	0.688	67.02	68.14
2025	Erik	Sean Tucker	RB	10	4	3	41.7	13.9	32.0	83.0	5.5	15.0	0.0	0.502	0.75	0.438	66.78	75.66
2025	Benni	Nick Chubb	RB	1	7	6	42.6	7.1	13.2	75.2	5.4	14.0	0.0	0.566	0.857	1.0	66.52	74.86
2025	Kessi	Dalton Kincaid	TE	5	12	6	46.4	7.73	16.1	82.3	7.5	11.0	0.0	0.564	0.5	0.75	65.21	78.96
2025	Benni	Jake Ferguson	TE	4	3	3	36.2	12.07	16.9	99.0	6.6	15.0	0.0	0.366	1.0	0.812	64.86	74.11
2025	Juschka	Joe Flacco	QB	9	8	4	50.34	12.58	30.7	155.3	14.1	11.0	0.0	0.324	0.5	0.5	64.73	38.24
2025	Benni	Jaxson Dart	QB	10	4	2	39.84	19.92	26.28	201.1	16.8	12.0	0.0	0.198	0.5	0.438	62.48	43.38
2025	Erik	Justin Fields	QB	5	1	1	25.92	25.92	25.92	143.7	16.0	9.0	0.0	0.18	1.0	0.75	62.45	45.79
2025	Simi	Ian Thomas	TE	8	8	4	30.1	7.53	13.1	11.4	0.9	13.0	0.0	1.0	0.5	0.562	61.87	70.12
2025	Ritz	Caleb Williams	QB	10	2	2	35.42	17.71	25.1	282.6	18.8	15.0	0.0	0.125	1.0	0.438	60.38	37.14
2025	Simi	Harold Fannin Jr,	TE	14	3	3	37.9	12.63	17.4	105.4	7.0	15.0	3.8	0.36	1.0	0.188	60.16	71.28
2025	Benni	Brock Purdy	QB	16	1	1	30.9	30.9	30.9	143.3	20.5	7.0	0.0	0.216	1.0	0.062	60.11	43.57
2025	Simi	Tucker Kraft	TE	8	2	2	28.3	14.15	26.3	85.2	10.7	8.0	0.0	0.332	1.0	0.562	60.1	68.1
2025	Marv	Devin Neal	RB	13	4	3	30.5	10.17	14.4	43.0	4.8	9.0	0.0	0.709	0.75	0.25	60.01	71.47
2025	Benni	Kyle Monangai	RB	9	2	2	28.6	14.3	19.8	119.1	7.9	15.0	0.0	0.24	1.0	0.5	58.98	70.27
2025	Juschka	Jake Ferguson	TE	7	10	8	44.5	5.56	14.9	99.0	6.6	15.0	0.0	0.449	0.8	0.625	58.61	66.98
2025	Simi	Michael Pittman Jr,	WR	8	6	5	38.9	7.78	15.5	119.7	8.0	15.0	1.3	0.325	0.833	0.562	57.91	58.41
2025	Simi	Hunter Henry	TE	10	7	6	41.5	6.92	17.5	102.3	6.8	15.0	0.7	0.406	0.857	0.438	57.0	66.25
2025	Erik	Emanuel Wilson	RB	12	2	2	25.9	12.95	24.5	72.3	4.8	15.0	0.0	0.358	1.0	0.312	55.37	64.32
2025	Marv	Aaron Rodgers	QB	7	1	1	22.56	22.56	22.56	208.0	14.9	14.0	0.0	0.108	1.0	0.625	55.0	35.22
2025	Benni	Blake Corum	RB	14	1	1	25.1	25.1	25.1	105.5	7.0	15.0	0.0	0.238	1.0	0.188	54.95	61.7
2025	Benni	Bo Nix	QB	8	1	1	23.78	23.78	23.78	284.8	19.0	15.0	0.1	0.083	1.0	0.562	54.87	38.34
2025	Ritz	Kayshon Boutte	WR	7	3	2	25.0	12.5	13.5	88.7	6.8	13.0	0.0	0.282	0.667	0.625	52.19	57.56
2025	Erik	Chris Rodriguez Jr,	RB	12	5	3	28.2	9.4	12.9	74.7	6.2	12.0	0.0	0.378	0.6	0.312	51.91	61.37
2025	Ritz	Dylan Sampson	RB	1	2	2	17.2	8.6	9.3	47.5	3.7	13.0	0.0	0.362	1.0	1.0	50.93	59.18
2025	Erik	Christian Watson	WR	14	3	3	25.5	8.5	20.9	80.1	8.9	9.0	0.0	0.318	1.0	0.188	47.52	54.78
2025	Simi	Dallas Goedert	TE	6	2	2	18.8	9.4	17.0	118.3	8.5	14.0	16.7	0.159	1.0	0.688	47.26	57.77
2025	Marv	Brenton Strange	TE	13	4	4	25.7	6.42	10.5	55.4	5.5	10.0	0.0	0.464	1.0	0.25	47.21	52.46
2025	Erik	Bam Knight	RB	6	4	3	22.5	7.5	11.4	70.9	5.9	12.0	0.0	0.317	0.75	0.688	46.13	54.55
2025	Erik	Trey Benson	RB	2	15	3	14.9	4.97	5.4	22.4	4.5	5.0	0.0	0.665	0.2	0.938	43.61	50.35
2025	Tommy	Jaxson Dart	QB	15	2	2	22.16	11.08	22.14	201.1	16.8	12.0	0.0	0.11	1.0	0.125	42.52	10.84
2025	Benni	Tucker Kraft	TE	3	4	3	18.8	6.27	10.3	85.2	10.7	8.0	0.0	0.221	0.75	0.875	42.44	46.82
2025	Benni	Caleb Williams	QB	4	1	1	11.78	11.78	11.78	282.6	18.8	15.0	0.0	0.042	1.0	0.812	41.62	14.93
2025	Benni	Kyle Pitts Sr,	TE	2	2	2	12.7	6.35	9.0	115.4	7.7	15.0	13.8	0.11	1.0	0.938	39.78	40.53
2025	Ritz	Kenneth Gainwell	RB	15	1	1	12.6	12.6	12.6	131.1	8.7	15.0	0.0	0.096	1.0	0.125	39.06	47.27
2025	Ritz	Dalton Kincaid	TE	4	1	1	8.8	8.8	8.8	82.3	7.5	11.0	0.0	0.107	1.0	0.812	37.85	42.23
2025	Erik	Kareem Hunt	RB	9	1	1	11.5	11.5	11.5	120.1	8.0	15.0	0.0	0.096	1.0	0.5	37.56	46.02
2025	Erik	Kyle Pitts Sr,	TE	7	3	3	14.6	4.87	6.2	115.4	7.7	15.0	13.8	0.127	1.0	0.625	35.03	37.16
2025	Ritz	Kyle Pitts Sr,	TE	16	1	1	11.7	11.7	11.7	115.4	7.7	15.0	13.8	0.101	1.0	0.062	34.13	39.13
2025	Erik	Oronde Gadsden II	TE	9	6	5	15.6	3.12	6.8	70.9	5.5	13.0	0.0	0.22	0.833	0.5	34.09	35.97
2025	Ritz	Michael Pittman Jr,	WR	5	2	2	11.9	5.95	9.9	119.7	8.0	15.0	1.3	0.099	1.0	0.75	33.99	41.48
2025	Erik	Jaylen Wright	RB	15	2	2	12.4	6.2	11.3	35.6	4.0	9.0	0.0	0.348	1.0	0.125	33.47	38.97
2025	Simi	Quentin Johnston	WR	5	3	2	11.9	5.95	9.0	110.4	8.5	13.0	0.0	0.108	0.667	0.75	33.33	44.33
2025	Erik	Juwan Johnson	TE	3	2	2	7.9	3.95	5.1	89.3	6.0	15.0	0.0	0.088	1.0	0.875	29.32	27.07
2025	Ritz	Theo Johnson	TE	10	1	1	7.5	7.5	7.5	82.8	5.5	15.0	0.0	0.091	1.0	0.438	29.24	29.24
2025	Ritz	Darren Waller	TE	6	2	1	7.2	7.2	7.2	64.7	8.1	8.0	0.0	0.111	0.5	0.688	28.17	26.05
2025	Erik	Emari Demercado	RB	5	1	1	6.1	6.1	6.1	37.6	3.4	11.0	0.0	0.162	1.0	0.75	27.93	33.26
2025	Erik	Kyle Monangai	RB	14	1	1	7.7	7.7	7.7	119.1	7.9	15.0	0.0	0.065	1.0	0.188	27.48	35.35
2025	Erik	Wan'Dale Robinson	WR	10	2	2	9.8	4.9	6.2	114.6	7.6	15.0	0.0	0.086	1.0	0.438	27.17	32.54
2025	Erik	Marquise Brown	WR	2	2	2	7.2	3.6	4.2	81.6	5.8	14.0	0.0	0.088	1.0	0.938	26.95	31.95
2025	Erik	Hunter Henry	TE	5	1	1	4.6	4.6	4.6	102.3	6.8	15.0	0.7	0.045	1.0	0.75	23.55	18.68
2025	Benni	Michael Carter	RB	16	1	1	6.5	6.5	6.5	57.8	5.3	11.0	0.0	0.112	1.0	0.062	22.18	29.38
2025	Tommy	Keon Coleman	WR	2	1	1	2.6	2.6	2.6	57.5	4.8	12.0	0.0	0.045	1.0	0.938	21.43	23.8
2025	Juschka	Tez Johnson	WR	8	1	1	4.3	4.3	4.3	60.5	4.3	14.0	0.0	0.071	1.0	0.562	21.18	26.06
2025	Marv	Hassan Haskins	RB	6	8	2	2.8	1.4	2.3	5.7	0.5	11.0	0.0	0.491	0.25	0.688	20.75	23.83
2025	Erik	Audric Estime	RB	16	1	1	3.6	3.6	3.6	9.7	1.9	5.0	0.0	0.371	1.0	0.062	19.56	25.77
2025	Benni	Bhayshul Tuten	RB	4	1	1	2.2	2.2	2.2	70.3	5.0	14.0	0.0	0.031	1.0	0.812	18.21	20.25
2025	Ritz	Tre Tucker	WR	4	1	1	2.2	2.2	2.2	96.4	6.4	15.0	0.0	0.023	1.0	0.812	17.22	17.84
2025	Benni	Woody Marks	RB	5	2	1	2.4	2.4	2.4	114.8	8.2	14.0	0.0	0.021	0.5	0.75	15.81	19.9
2025	Benni	Emanuel Wilson	RB	7	1	1	1.5	1.5	1.5	72.3	4.8	15.0	0.0	0.021	1.0	0.625	13.56	15.32
2025	Benni	Romeo Doubs	WR	10	1	1	0.5	0.5	0.5	104.2	6.9	15.0	0.0	0.005	1.0	0.438	9.46	9.46
2025	Erik	Colby Parkinson	TE	16	1	1	2.1	2.1	2.1	65.9	5.1	13.0	0.0	0.032	1.0	0.062	8.98	6.1
2025	Erik	Devin Singletary	RB	14	2	1	1.4	1.4	1.4	67.2	4.5	15.0	0.0	0.021	0.5	0.188	5.82	5.53
2024	Benni	Jayden Daniels	QB	2	14	13	263.6	20.28	34.42	327.8	21.9	15.0	56.0	0.804	0.929	0.938	95.14	90.63
2024	Simi	Chuba Hubbard	RB	4	13	12	166.7	13.89	28.5	198.6	13.2	15.0	49.7	0.839	0.923	0.812	91.08	93.99
2024	Marv	J.K. Dobbins	RB	2	12	10	118.1	11.81	22.5	138.0	12.5	11.0	0.0	0.856	0.833	0.938	89.8	89.72
2024	Ritz	Jordan Addison	WR	1	12	10	116.7	11.67	31.3	136.6	10.5	13.0	11.1	0.854	0.833	1.0	89.56	96.11
2024	Ritz	Bucky Irving	RB	5	12	11	134.3	12.21	24.5	164.0	10.9	15.0	15.1	0.819	0.917	0.75	88.61	90.04
2024	Erik	Baker Mayfield	QB	7	10	9	174.44	19.38	28.02	324.6	21.6	15.0	52.8	0.537	0.9	0.625	87.04	76.99
2024	Marv	Kareem Hunt	RB	3	13	11	110.5	10.05	20.3	124.4	10.4	12.0	0.0	0.888	0.846	0.875	86.65	84.63
2024	Erik	Jordan Mason	RB	1	10	9	93.6	10.4	22.0	104.0	8.7	12.0	0.0	0.9	0.9	1.0	86.24	82.0
2024	Benni	Tyrone Tracy	RB	6	11	10	110.4	11.04	21.0	130.4	8.7	15.0	0.0	0.847	0.909	0.688	85.07	82.8
2024	Tommy	Rico Dowdle	RB	5	12	10	108.8	10.88	18.3	135.6	9.7	14.0	0.0	0.802	0.833	0.75	83.81	80.03
2024	Benni	Ian Thomas	TE	5	5	5	47.8	9.56	18.2	0.7	0.1	5.0	0.0	1.0	1.0	0.75	80.56	86.94
2024	Simi	Justin Herbert	QB	11	6	6	99.66	16.61	24.38	235.9	15.7	15.0	0.0	0.422	1.0	0.375	78.37	66.9
2024	Tommy	Ian Thomas	TE	15	2	2	41.7	20.85	22.5	0.7	0.1	5.0	0.0	1.0	1.0	0.125	77.6	80.14
2024	Benni	David Njoku	TE	8	9	7	62.0	8.86	17.2	84.5	7.7	11.0	0.0	0.734	0.778	0.562	75.58	87.19
2024	Benni	Tucker Kraft	TE	5	7	7	58.9	8.41	20.8	104.4	7.0	15.0	19.9	0.564	1.0	0.75	75.2	83.74
2024	Tommy	Zach Charbonnet	RB	2	7	7	56.8	8.11	22.7	128.2	8.5	15.0	0.0	0.443	1.0	0.938	73.97	71.36
2024	Ritz	Ladd McConkey	WR	9	8	7	64.4	9.2	12.3	126.0	9.0	14.0	0.5	0.511	0.875	0.5	73.16	82.26
2024	Kessi	Jordan Love	QB	6	3	3	48.16	16.05	25.62	228.1	17.5	13.0	0.0	0.211	1.0	0.688	72.93	54.14
2024	Simi	Jared Goff	QB	15	2	2	66.4	33.2	41.06	298.4	19.9	15.0	26.6	0.223	1.0	0.125	72.89	64.14
2024	Simi	Jonnu Smith	TE	12	5	5	53.4	10.68	14.7	116.1	7.7	15.0	31.6	0.46	1.0	0.312	70.2	78.35
2024	Erik	Jared Goff	QB	11	2	2	45.34	22.67	34.58	298.4	19.9	15.0	26.6	0.152	1.0	0.375	69.38	54.67
2024	Erik	Zach Charbonnet	RB	14	3	3	45.2	15.07	31.3	128.2	8.5	15.0	0.0	0.353	1.0	0.188	68.06	68.18
2024	Ritz	Tank Bigsby	RB	6	3	3	34.8	11.6	23.8	108.5	7.8	14.0	0.0	0.321	1.0	0.688	67.28	67.7
2024	Ritz	Isaac Guerendo	RB	9	4	2	32.3	16.15	24.8	68.8	4.9	14.0	0.0	0.469	0.5	0.5	66.77	67.87
2024	Kessi	Marquez Valdes-Scantling	WR	11	6	4	36.2	9.05	14.7	62.2	5.2	12.0	0.0	0.582	0.667	0.375	64.64	75.81
2024	Kessi	Jake Ferguson	TE	3	6	6	30.0	5.0	9.5	44.4	3.7	12.0	0.0	0.676	1.0	0.875	64.48	66.11
2024	Marv	Bo Nix	QB	12	4	3	45.08	15.03	19.42	271.8	18.1	15.0	0.0	0.166	0.75	0.312	64.42	37.54
2024	Juschka	Sam Darnold	QB	14	1	1	34.58	34.58	34.58	286.5	19.1	15.0	14.7	0.121	1.0	0.188	63.4	46.88
2024	Juschka	Nick Westbrook-Ikhine	WR	12	5	5	39.4	7.88	18.1	95.0	6.3	15.0	0.0	0.415	1.0	0.312	62.11	73.91
2024	Ritz	Cam Akers	RB	3	3	3	24.9	8.3	10.7	63.0	4.5	14.0	0.0	0.395	1.0	0.875	61.68	64.01
2024	Simi	Kirk Cousins	QB	9	2	2	28.02	14.01	17.78	192.3	13.7	14.0	0.0	0.146	1.0	0.5	61.13	29.46
2024	Benni	Jordan Love	QB	1	1	1	16.4	16.4	16.4	228.1	17.5	13.0	0.0	0.072	1.0	1.0	60.9	25.17
2024	Ritz	Justin Herbert	QB	1	2	2	21.36	10.68	11.0	235.9	15.7	15.0	0.0	0.091	1.0	1.0	58.95	20.91
2024	Juschka	Isaiah Likely	TE	2	7	7	28.0	4.0	13.3	71.0	5.1	14.0	0.0	0.394	1.0	0.938	57.11	56.4
2024	Juschka	Cade Otton	TE	9	7	6	31.6	5.27	13.7	81.6	5.8	14.0	0.0	0.387	0.857	0.5	57.09	61.2
2024	Erik	Josh Downs	WR	9	6	4	30.3	7.58	14.4	99.9	8.3	12.0	0.0	0.303	0.667	0.5	56.41	65.49
2024	Benni	Trey Sermon	RB	5	1	1	12.3	12.3	12.3	36.3	2.4	15.0	0.0	0.339	1.0	0.75	55.59	63.92
2024	Juschka	Geno Smith	QB	12	2	2	24.8	12.4	12.44	246.4	16.4	15.0	0.0	0.101	1.0	0.312	55.52	20.54
2024	Benni	Jerry Jeudy	WR	14	3	3	25.2	8.4	12.4	135.2	9.0	15.0	9.7	0.186	1.0	0.188	52.49	64.45
2024	Erik	Alexander Mattison	RB	7	3	3	20.3	6.77	12.3	94.5	7.9	12.0	0.0	0.215	1.0	0.625	52.48	55.81
2024	Erik	Cedric Tillman	WR	9	2	1	13.5	13.5	13.5	51.4	4.7	11.0	0.0	0.263	0.5	0.5	52.27	59.71
2024	Benni	Jauan Jennings	WR	11	2	2	19.1	9.55	15.1	121.6	9.4	13.0	0.0	0.157	1.0	0.375	51.58	66.32
2024	Benni	Brian Thomas Jr.	WR	8	2	2	16.2	8.1	12.0	169.8	11.3	15.0	44.3	0.095	1.0	0.562	49.46	61.61
2024	Kessi	Zach Ertz	TE	12	5	4	23.0	5.75	9.8	81.8	5.5	15.0	0.0	0.281	0.8	0.312	49.34	51.34
2024	Marv	Quentin Johnston	WR	3	4	3	13.9	4.63	10.4	96.3	7.4	13.0	0.0	0.144	0.75	0.875	47.13	52.92
2024	Ritz	Devontez Walker	WR	2	6	1	5.9	5.9	5.9	8.1	1.6	5.0	0.0	0.728	0.167	0.938	45.25	43.74
2024	Ritz	Khalil Shakir	WR	10	2	2	12.8	6.4	7.0	104.0	7.4	14.0	0.0	0.123	1.0	0.438	44.87	47.75
2024	Juschka	Jauan Jennings	WR	4	3	3	12.8	4.27	8.8	121.6	9.4	13.0	0.0	0.105	1.0	0.812	44.46	44.7
2024	Erik	Ricky Pearsall	WR	8	1	1	7.7	7.7	7.7	28.9	3.2	9.0	0.0	0.266	1.0	0.562	43.32	45.04
2024	Ritz	Chuba Hubbard	RB	1	2	2	9.0	4.5	7.6	198.6	13.2	15.0	49.7	0.045	1.0	1.0	43.2	50.68
2024	Benni	Darnell Mooney	WR	10	4	3	14.3	4.77	9.6	125.5	8.4	15.0	0.0	0.114	0.75	0.438	43.13	51.14
2024	Erik	Braelon Allen	RB	5	3	3	11.7	3.9	8.1	61.3	4.1	15.0	0.0	0.191	1.0	0.75	41.95	50.7
2024	Ritz	Rashid Shaheed	WR	3	2	1	7.7	7.7	7.7	59.8	10.0	6.0	0.0	0.129	0.5	0.875	41.07	40.58
2024	Marv	T.J. Hockenson	TE	14	3	3	12.4	4.13	5.2	37.8	4.7	8.0	0.0	0.328	1.0	0.188	40.74	43.47
2024	Marv	Dallas Goedert	TE	12	2	2	11.4	5.7	9.5	56.1	6.2	9.0	0.0	0.203	1.0	0.312	40.69	44.5
2024	Benni	Dallas Goedert	TE	4	1	1	6.2	6.2	6.2	56.1	6.2	9.0	0.0	0.111	1.0	0.812	40.55	45.9
2024	Erik	Carson Steele	RB	3	3	3	7.2	2.4	7.4	14.2	0.9	15.0	0.0	0.507	1.0	0.875	39.94	46.69
2024	Erik	Jordan Addison	WR	7	2	2	8.8	4.4	6.6	136.6	10.5	13.0	11.1	0.064	1.0	0.625	38.33	40.91
2024	Juschka	Dallas Goedert	TE	11	1	1	6.1	6.1	6.1	56.1	6.2	9.0	0.0	0.109	1.0	0.375	35.33	37.61
2024	Ritz	Cade Otton	TE	5	1	1	4.4	4.4	4.4	81.6	5.8	14.0	0.0	0.054	1.0	0.75	33.9	32.2
2024	Marv	Cole Kmet	TE	7	5	3	8.9	2.97	4.2	73.1	4.9	15.0	0.0	0.122	0.6	0.625	33.79	33.86
2024	Ritz	Samaje Perine	RB	3	1	1	4.0	4.0	4.0	49.1	3.3	15.0	0.0	0.081	1.0	0.875	33.2	44.3
2024	Erik	Jauan Jennings	WR	15	2	2	8.2	4.1	5.1	121.6	9.4	13.0	0.0	0.067	1.0	0.125	31.84	32.04
2024	Erik	Ameer Abdullah	RB	13	1	1	5.3	5.3	5.3	70.5	4.7	15.0	0.0	0.075	1.0	0.25	31.45	40.96
2024	Tommy	Keon Coleman	WR	9	1	1	4.1	4.1	4.1	69.8	6.3	11.0	0.0	0.059	1.0	0.5	29.94	26.1
2024	Kessi	Bub Means	WR	7	1	1	3.7	3.7	3.7	17.8	2.5	7.0	0.0	0.208	1.0	0.625	29.08	23.5
2024	Benni	Sean Tucker	RB	7	1	1	3.8	3.8	3.8	53.7	3.6	15.0	0.0	0.071	1.0	0.625	28.67	36.98
2024	Benni	Tyjae Spears	RB	1	1	1	3.2	3.2	3.2	73.3	6.7	11.0	0.0	0.044	1.0	1.0	27.9	35.66
2024	Ritz	Darnell Mooney	WR	6	1	1	3.8	3.8	3.8	125.5	8.4	15.0	0.0	0.03	1.0	0.688	27.86	24.5
2024	Erik	Cole Kmet	TE	4	1	1	3.4	3.4	3.4	73.1	4.9	15.0	0.0	0.047	1.0	0.812	26.88	26.6
2024	Marv	Rico Dowdle	RB	1	1	1	3.2	3.2	3.2	135.6	9.7	14.0	0.0	0.024	1.0	1.0	26.77	33.03
2024	Marv	Ty Johnson	RB	6	1	1	3.4	3.4	3.4	69.9	4.7	15.0	0.0	0.049	1.0	0.688	26.5	34.95
2024	Juschka	Isaiah Davis	RB	15	2	2	3.8	1.9	2.6	28.5	2.4	12.0	0.0	0.133	1.0	0.125	21.89	27.91
2024	Erik	Dontayvion Wicks	WR	5	2	2	2.9	1.45	2.0	62.3	4.2	15.0	0.0	0.047	1.0	0.75	20.62	18.42
2024	Kessi	Justice Hill	RB	5	2	2	2.9	1.45	2.5	85.1	5.7	15.0	0.0	0.034	1.0	0.75	19.6	22.01
2024	Juschka	Jake Ferguson	TE	1	1	1	1.5	1.5	1.5	44.4	3.7	12.0	0.0	0.034	1.0	1.0	19.27	19.4
2024	Erik	Kendre Miller	RB	16	1	1	3.1	3.1	3.1	22.2	3.7	6.0	0.0	0.14	1.0	0.062	18.31	23.05
2024	Tommy	Joshua Palmer	WR	1	1	1	1.5	1.5	1.5	64.3	4.6	14.0	0.0	0.023	1.0	1.0	18.29	19.26
2024	Marv	Jeffery Wilson	RB	2	1	1	1.2	1.2	1.2	7.5	1.1	7.0	0.0	0.16	1.0	0.938	17.6	16.78
2024	Benni	Braelon Allen	RB	13	1	1	2.7	2.7	2.7	61.3	4.1	15.0	0.0	0.044	1.0	0.25	16.51	19.49
2024	Juschka	Audric Estime	RB	11	1	1	2.5	2.5	2.5	30.6	2.8	11.0	0.0	0.082	1.0	0.375	15.86	14.31
2024	Benni	Patrick Taylor	RB	16	1	1	2.5	2.5	2.5	14.7	2.1	7.0	0.0	0.17	1.0	0.062	15.7	17.17
2024	Erik	Sincere McCormick	RB	15	1	1	2.5	2.5	2.5	21.2	5.3	4.0	0.0	0.118	1.0	0.125	14.73	14.69
2024	Erik	Allen Lazard	WR	2	1	1	1.1	1.1	1.1	75.0	7.5	10.0	0.0	0.015	1.0	0.938	14.61	14.61
2024	Erik	T.J. Hockenson	TE	11	1	1	1.3	1.3	1.3	37.8	4.7	8.0	0.0	0.034	1.0	0.375	10.91	9.26
2024	Benni	Pat Freiermuth	TE	16	1	1	1.6	1.6	1.6	84.8	5.7	15.0	0.3	0.019	1.0	0.062	10.49	13.68
2023	Ritz	Kyren Williams	RB	2	15	10	177.5	17.75	32.4	194.9	17.7	11.0	50.8	0.911	0.667	0.938	94.51	96.38
2023	Benni	Puka Nacua	WR	2	15	14	157.8	11.27	24.0	169.7	11.3	15.0	38.7	0.93	0.933	0.938	90.74	95.49
2023	Simi	Dak Prescott	QB	9	8	8	185.5	23.19	37.86	304.4	20.3	15.0	39.5	0.609	1.0	0.5	89.14	89.14
2023	Benni	Raheem Mostert	RB	2	9	8	140.6	17.57	38.2	242.7	16.2	15.0	98.6	0.579	0.889	0.938	89.13	90.32
2023	Marv	Kirk Cousins	QB	3	6	6	104.72	17.45	25.68	154.7	19.3	8.0	0.0	0.677	1.0	0.875	88.41	82.79
2023	Ritz	Tua Tagovailoa	QB	3	7	7	126.26	18.04	28.36	257.9	17.2	15.0	0.0	0.49	1.0	0.875	87.6	83.88
2023	Juschka	Sam LaPorta	TE	4	13	12	111.4	9.28	23.6	136.0	9.1	15.0	42.9	0.819	0.923	0.812	83.9	93.2
2023	Marv	Gus Edwards	RB	8	9	8	103.5	12.94	27.4	161.4	10.8	15.0	17.3	0.641	0.889	0.562	80.55	84.06
2023	Benni	P.J. Walker	QB	1	9	6	55.3	9.22	18.7	25.0	4.2	6.0	0.0	1.0	0.667	1.0	78.21	61.11
2023	Tommy	D'Onta Foreman	RB	7	4	4	57.1	14.28	30.0	80.2	8.9	9.0	0.0	0.712	1.0	0.625	77.18	80.68
2023	Benni	Jerome Ford	RB	3	8	7	68.6	9.8	17.1	139.9	9.3	15.0	0.0	0.49	0.875	0.875	76.97	79.85
2023	Ritz	Raheem Mostert	RB	11	6	6	91.1	15.18	22.0	242.7	16.2	15.0	98.6	0.375	1.0	0.375	76.63	78.44
2023	Erik	Kyler Murray	QB	12	5	4	65.98	16.49	20.44	108.9	18.2	6.0	0.0	0.606	0.8	0.312	76.46	67.32
2023	Marv	Tua Tagovailoa	QB	11	6	6	82.2	13.7	19.2	257.9	17.2	15.0	0.0	0.319	1.0	0.375	73.66	61.87
2023	Benni	Zack Moss	RB	3	7	7	63.8	9.11	20.5	139.6	10.7	13.0	0.0	0.457	1.0	0.875	73.36	77.17
2023	Ritz	Adam Thielen	WR	5	10	9	66.0	7.33	17.5	123.0	8.2	15.0	0.0	0.537	0.9	0.75	72.43	76.93
2023	Benni	C.J. Stroud	QB	11	4	4	65.9	16.48	30.86	246.5	19.0	13.0	0.0	0.267	1.0	0.375	72.13	59.98
2023	Tommy	Nico Collins	WR	3	8	6	58.5	9.75	28.8	146.2	11.2	13.0	15.2	0.4	0.75	0.875	70.38	72.88
2023	Erik	Jared Goff	QB	5	2	2	41.18	20.59	27.44	267.5	17.8	15.0	2.6	0.154	1.0	0.75	69.56	58.7
2023	Ritz	Nico Collins	WR	11	6	5	59.1	11.82	25.1	146.2	11.2	13.0	15.2	0.404	0.833	0.375	68.47	76.47
2023	Juschka	Sam Howell	QB	11	6	5	60.74	12.15	19.18	260.5	17.4	15.0	0.0	0.233	0.833	0.375	66.78	50.3
2023	Marv	Tank Dell	WR	4	5	4	41.3	10.32	20.9	118.0	10.7	11.0	0.0	0.35	0.8	0.812	66.0	69.87
2023	Juschka	Jordan Love	QB	14	3	3	50.34	16.78	23.96	283.1	18.9	15.0	18.2	0.178	1.0	0.188	65.05	50.66
2023	Ritz	Jerome Ford	RB	11	6	6	48.6	8.1	11.2	139.9	9.3	15.0	0.0	0.347	1.0	0.375	61.33	65.52
2023	Erik	Matthew Stafford	QB	15	2	2	39.24	19.62	20.72	239.5	17.1	14.0	0.0	0.164	1.0	0.125	61.08	47.6
2023	Erik	Dalton Kincaid	TE	8	9	7	40.9	5.84	12.5	60.2	4.3	14.0	0.0	0.679	0.778	0.562	61.07	76.06
2023	Kessi	Jaylen Warren	RB	11	6	6	46.4	7.73	20.5	116.6	7.8	15.0	0.0	0.398	1.0	0.375	60.97	63.47
2023	Juschka	Dak Prescott	QB	3	2	2	28.7	14.35	14.36	304.4	20.3	15.0	39.5	0.094	1.0	0.875	60.04	44.6
2023	Ritz	Kareem Hunt	RB	8	5	5	37.6	7.52	12.7	93.9	7.2	13.0	0.0	0.4	1.0	0.562	58.87	63.18
2023	Juschka	C.J. Stroud	QB	5	2	2	28.32	14.16	14.16	246.5	19.0	13.0	0.0	0.115	1.0	0.75	57.98	39.78
2023	Erik	Trey McBride	TE	9	7	6	40.7	6.78	14.9	86.3	5.8	15.0	0.0	0.472	0.857	0.5	57.87	71.82
2023	Kessi	Joshua Palmer	WR	4	5	4	29.4	7.35	13.3	63.7	6.4	10.0	0.0	0.462	0.8	0.812	57.3	58.43
2023	Ritz	Marquise Brown	WR	5	7	7	36.1	5.16	12.1	83.7	6.0	14.0	0.0	0.431	1.0	0.75	55.84	56.47
2023	Juschka	Kenneth Gainwell	RB	2	9	7	29.5	4.21	8.3	58.5	4.2	14.0	0.0	0.504	0.778	0.938	54.45	58.02
2023	Juschka	Jayden Reed	WR	12	5	4	36.3	9.07	12.5	121.1	8.7	14.0	0.0	0.3	0.8	0.312	54.12	58.5
2023	Tommy	Jake Ferguson	TE	11	6	6	36.5	6.08	13.7	95.9	6.4	15.0	2.8	0.381	1.0	0.375	53.84	63.56
2023	Benni	Chuba Hubbard	RB	14	3	3	31.0	10.33	11.1	127.2	8.5	15.0	0.0	0.244	1.0	0.188	53.79	61.17
2023	Juschka	Matt Breida	RB	3	2	2	15.6	7.8	7.8	29.9	2.0	15.0	0.0	0.522	1.0	0.875	53.08	58.45
2023	Benni	Jaleel McLaughlin	RB	5	2	2	19.1	9.55	14.9	68.2	4.5	15.0	0.0	0.28	1.0	0.75	51.45	59.83
2023	Marv	Derek Carr	QB	9	2	2	22.14	11.07	16.74	206.4	13.8	15.0	0.0	0.107	1.0	0.5	50.98	28.83
2023	Benni	Tutu Atwell	WR	3	1	1	13.2	13.2	13.2	71.1	5.1	14.0	0.0	0.186	1.0	0.875	50.79	52.17
2023	Kessi	Jake Ferguson	TE	9	1	1	15.1	15.1	15.1	95.9	6.4	15.0	2.8	0.157	1.0	0.5	49.98	64.17
2023	Ritz	Joshua Palmer	WR	15	2	2	22.0	11.0	17.3	63.7	6.4	10.0	0.0	0.345	1.0	0.125	49.93	49.55
2023	Juschka	Baker Mayfield	QB	16	1	1	19.82	19.82	19.82	259.6	17.3	15.0	0.0	0.076	1.0	0.062	49.38	35.65
2023	Marv	Keaton Mitchell	RB	11	6	4	28.0	7.0	8.9	60.9	8.7	7.0	0.0	0.46	0.667	0.375	49.36	54.61
2023	Kessi	Deshaun Watson	QB	2	1	1	11.6	11.6	11.6	90.8	15.1	6.0	0.0	0.128	1.0	0.938	48.05	26.3
2023	Marv	Geno Smith	QB	7	1	1	13.76	13.76	13.76	198.0	15.2	13.0	0.0	0.069	1.0	0.625	47.66	28.4
2023	Marv	K.J. Osborn	WR	6	4	4	21.1	5.27	9.9	71.1	5.1	14.0	0.0	0.297	1.0	0.688	47.21	42.59
2023	Erik	Keaton Mitchell	RB	10	1	1	12.6	12.6	12.6	60.9	8.7	7.0	0.0	0.207	1.0	0.438	45.61	51.24
2023	Juschka	Josh Downs	WR	8	8	7	23.0	3.29	7.2	79.0	5.3	15.0	0.0	0.291	0.875	0.562	43.61	43.11
2023	Benni	Ezekiel Elliott	RB	15	2	2	16.6	8.3	12.0	104.9	7.0	15.0	0.0	0.158	1.0	0.125	41.24	48.31
2023	Benni	Jaylen Warren	RB	2	1	1	8.6	8.6	8.6	116.6	7.8	15.0	0.0	0.074	1.0	0.938	40.87	44.87
2023	Erik	Zack Moss	RB	13	4	3	20.6	6.87	9.3	139.6	10.7	13.0	0.0	0.148	0.75	0.25	40.47	46.91
2023	Juschka	Michael Wilson	WR	5	3	3	10.6	3.53	6.2	55.5	5.0	11.0	0.0	0.191	1.0	0.75	35.99	32.87
2023	Tommy	Gus Edwards	RB	3	2	2	10.0	5.0	5.1	161.4	10.8	15.0	17.3	0.062	1.0	0.875	35.8	39.68
2023	Erik	Gus Edwards	RB	5	2	2	10.1	5.05	5.3	161.4	10.8	15.0	17.3	0.063	1.0	0.75	35.45	40.63
2023	Erik	Justice Hill	RB	2	3	2	8.6	4.3	5.3	61.5	4.4	14.0	0.0	0.14	0.667	0.938	34.31	37.0
2023	Ritz	D'Onta Foreman	RB	11	6	3	14.0	4.67	7.4	80.2	8.9	9.0	0.0	0.175	0.5	0.375	34.13	37.94
2023	Marv	Royce Freeman	RB	11	1	1	7.3	7.3	7.3	43.7	4.4	10.0	0.0	0.167	1.0	0.375	33.38	33.75
2023	Tommy	Tyler Allgeier	RB	2	2	2	7.7	3.85	4.8	101.4	6.8	15.0	0.0	0.076	1.0	0.938	33.27	33.33
2023	Marv	Keaontay Ingram	RB	6	1	1	5.1	5.1	5.1	10.0	1.4	7.0	0.0	0.51	1.0	0.688	32.41	31.72
2023	Benni	Dalton Schultz	TE	10	1	1	7.1	7.1	7.1	85.4	6.6	13.0	0.0	0.083	1.0	0.438	31.88	54.26
2023	Tommy	Deon Jackson	RB	1	1	1	-1.2	-1.2	-1.2	-1.0	-0.5	2.0	0.0	1.0	1.0	1.0	30.0	30.0
2023	Benni	Jahan Dotson	WR	1	2	2	6.2	3.1	4.0	74.1	4.9	15.0	0.0	0.084	1.0	1.0	29.64	28.13
2023	Tommy	Joshua Kelley	RB	4	3	2	6.9	3.45	6.5	53.4	3.6	15.0	0.0	0.129	0.667	0.812	28.52	26.83
2023	Erik	Tyler Higbee	TE	1	2	2	6.1	3.05	4.9	55.3	4.0	14.0	0.0	0.11	1.0	1.0	28.52	46.65
2023	Ritz	Clyde Edwards-Helaire	RB	14	1	1	6.8	6.8	6.8	52.1	3.7	14.0	0.0	0.131	1.0	0.188	28.1	26.35
2023	Kessi	Will Levis	QB	10	1	1	5.96	5.96	5.96	107.4	13.4	8.0	0.0	0.055	1.0	0.438	26.21	14.09
2023	Simi	Joshua Kelley	RB	2	2	2	5.6	2.8	3.9	53.4	3.6	15.0	0.0	0.105	1.0	0.938	25.7	24.08
2023	Marv	Juwan Johnson	TE	1	2	2	4.9	2.45	3.6	41.8	3.8	11.0	0.0	0.117	1.0	1.0	25.0	40.39
2023	Erik	Roschon Johnson	RB	4	5	3	6.1	2.03	3.1	54.2	4.2	13.0	0.0	0.113	0.6	0.812	23.82	21.25
2023	Benni	Anthony Richardson	QB	5	1	1	4.42	4.42	4.42	73.7	18.4	4.0	0.0	0.06	1.0	0.75	23.15	13.4
2023	Erik	Van Jefferson	WR	1	1	1	2.4	2.4	2.4	18.1	1.2	15.0	0.0	0.133	1.0	1.0	22.49	21.37
2023	Erik	Kareem Hunt	RB	3	1	1	3.5	3.5	3.5	93.9	7.2	13.0	0.0	0.037	1.0	0.875	22.18	20.55
2023	Tommy	Rashee Rice	WR	16	1	1	5.7	5.7	5.7	120.8	8.1	15.0	0.0	0.047	1.0	0.062	21.2	21.33
2023	Ritz	Cole Kmet	TE	10	1	1	4.6	4.6	4.6	104.0	6.9	15.0	10.9	0.044	1.0	0.438	20.66	32.77
2023	Simi	Ezekiel Elliott	RB	1	1	1	2.3	2.3	2.3	104.9	7.0	15.0	0.0	0.022	1.0	1.0	19.96	18.14
2023	Kessi	Isaiah Likely	TE	1	1	1	0.4	0.4	0.4	45.8	3.1	15.0	0.0	0.009	1.0	1.0	16.01	15.14
2023	Erik	Cole Kmet	TE	6	1	1	0.9	0.9	0.9	104.0	6.9	15.0	10.9	0.009	1.0	0.688	13.76	18.38
2023	Ritz	Tyler Boyd	WR	11	1	1	2.2	2.2	2.2	75.5	5.0	15.0	0.0	0.029	1.0	0.375	12.94	9.19
2023	Simi	Logan Thomas	TE	13	1	1	2.0	2.0	2.0	68.9	4.9	14.0	0.0	0.029	1.0	0.25	10.56	20.66
2022	Benni	Dameon Pierce	RB	1	14	13	136.4	10.49	19.9	136.4	10.5	13.0	0.0	1.0	0.929	1.0	93.64	93.89
2022	Benni	Tony Pollard	RB	4	13	12	179.4	14.95	32.7	207.9	13.9	15.0	69.9	0.863	0.923	0.812	93.18	94.47
2022	Juschka	Jeffery Wilson	RB	2	14	12	115.0	9.58	20.3	121.5	8.7	14.0	0.0	0.947	0.857	0.938	91.0	89.99
2022	Kessi	Brian Robinson	RB	5	12	11	95.0	8.64	18.5	95.0	8.6	11.0	0.0	1.0	0.917	0.75	87.83	85.27
2022	Erik	Tua Tagovailoa	QB	8	9	8	147.48	18.43	29.18	238.9	18.4	13.0	0.0	0.617	0.889	0.562	87.2	80.99
2022	Benni	D'Onta Foreman	RB	7	4	4	67.4	16.85	31.8	115.7	7.7	15.0	0.0	0.583	1.0	0.625	81.5	83.33
2022	Marv	Christian Kirk	WR	6	11	10	87.8	8.78	22.5	139.9	9.3	15.0	22.5	0.628	0.909	0.688	80.84	89.59
2022	Marv	Geno Smith	QB	12	5	5	90.38	18.08	22.98	282.1	18.8	15.0	23.6	0.32	1.0	0.312	77.8	67.09
2022	Kessi	Derek Carr	QB	10	4	4	75.0	18.75	20.8	233.1	15.5	15.0	0.0	0.322	1.0	0.438	77.33	60.88
2022	Benni	Christian Watson	WR	11	6	5	65.0	13.0	21.4	110.4	9.2	12.0	0.0	0.589	0.833	0.375	76.62	83.62
2022	Ritz	Kirk Cousins	QB	14	3	3	81.56	27.19	32.4	281.7	18.8	15.0	23.2	0.29	1.0	0.188	76.61	71.23
2022	Kessi	Jerick McKinnon	RB	14	3	3	61.4	20.47	26.2	116.1	7.7	15.0	0.0	0.529	1.0	0.188	76.57	77.24
2022	Ritz	Zach Ertz	TE	3	8	8	51.7	6.46	10.7	68.6	6.9	10.0	0.0	0.754	1.0	0.875	75.19	88.81
2022	Tommy	Justin Fields	QB	11	6	4	75.32	18.83	23.58	289.8	20.7	14.0	31.3	0.26	0.667	0.375	74.98	63.48
2022	Ritz	Isiah Pacheco	RB	12	5	5	54.8	10.96	14.6	98.7	6.6	15.0	0.0	0.555	1.0	0.312	73.2	73.72
2022	Marv	Kirk Cousins	QB	8	4	4	57.56	14.39	23.48	281.7	18.8	15.0	23.2	0.204	1.0	0.562	72.81	49.51
2022	Kessi	Kenyan Drake	RB	7	10	7	46.4	6.63	22.9	73.2	6.7	11.0	0.0	0.634	0.7	0.625	69.26	68.35
2022	Simi	Latavius Murray	RB	12	5	5	45.2	9.04	20.2	102.2	8.5	12.0	0.0	0.442	1.0	0.312	68.62	66.57
2022	Benni	Justin Fields	QB	10	1	1	39.38	39.38	39.38	289.8	20.7	14.0	31.3	0.136	1.0	0.438	68.3	56.42
2022	Kessi	Tyler Higbee	TE	6	8	7	45.1	6.44	21.4	75.6	5.4	14.0	0.0	0.597	0.875	0.688	68.21	79.58
2022	Marv	Deshaun Watson	QB	13	3	3	34.32	11.44	16.34	49.1	12.3	4.0	0.0	0.699	1.0	0.25	67.48	42.15
2022	Tommy	Samaje Perine	RB	12	3	3	39.2	13.07	15.5	101.9	6.8	15.0	0.0	0.385	1.0	0.312	67.14	65.41
2022	Erik	Rachaad White	RB	11	6	5	43.1	8.62	11.3	82.8	5.5	15.0	0.0	0.521	0.833	0.375	66.23	62.7
2022	Tommy	Tyler Allgeier	RB	7	4	4	38.1	9.52	14.5	114.4	8.2	14.0	0.0	0.333	1.0	0.625	66.0	61.09
2022	Ritz	D'Onta Foreman	RB	11	6	5	44.6	8.92	22.5	115.7	7.7	15.0	0.0	0.385	0.833	0.375	65.81	63.39
2022	Benni	Eno Benjamin	RB	6	2	2	25.8	12.9	19.3	62.4	5.7	11.0	0.0	0.413	1.0	0.688	65.2	61.41
2022	Juschka	Gus Edwards	RB	8	9	6	38.9	6.48	9.9	57.5	8.2	7.0	0.0	0.677	0.667	0.562	64.48	60.02
2022	Juschka	Zonovan Knight	RB	13	4	4	29.1	7.28	13.7	39.4	7.9	5.0	0.0	0.739	1.0	0.25	62.34	58.89
2022	Juschka	Van Jefferson	WR	11	6	6	32.4	5.4	10.4	41.1	5.1	8.0	0.0	0.788	1.0	0.375	61.95	73.69
2022	Erik	Darrell Henderson	RB	2	5	4	26.6	6.65	11.2	56.5	5.7	10.0	0.0	0.471	0.8	0.938	61.95	58.02
2022	Benni	Garrett Wilson	WR	13	4	4	34.8	8.7	16.2	122.0	8.1	15.0	4.6	0.285	1.0	0.25	59.65	73.03
2022	Juschka	Geno Smith	QB	6	2	2	25.78	12.89	13.1	282.1	18.8	15.0	23.6	0.091	1.0	0.688	59.5	34.91
2022	Juschka	Romeo Doubs	WR	4	7	5	27.7	5.54	12.2	57.6	5.2	11.0	0.0	0.481	0.714	0.812	59.28	70.15
2022	Erik	Daniel Jones	QB	11	1	1	24.64	24.64	24.64	257.8	17.2	15.0	0.0	0.096	1.0	0.375	58.44	39.36
2022	Ritz	Michael Carter	RB	1	4	4	25.7	6.43	10.0	84.0	6.0	14.0	0.0	0.306	1.0	1.0	57.97	52.32
2022	Erik	Christian Kirk	WR	3	3	3	20.6	6.87	13.2	139.9	9.3	15.0	22.5	0.147	1.0	0.875	54.58	65.33
2022	Juschka	Wan'Dale Robinson	WR	7	5	4	18.4	4.6	10.4	28.6	4.8	6.0	0.0	0.643	0.8	0.625	53.52	61.15
2022	Simi	Trevor Lawrence	QB	16	1	1	18.26	18.26	18.26	288.0	19.2	15.0	29.5	0.063	1.0	0.062	51.07	24.9
2022	Marv	Gerald Everett	TE	4	3	3	15.2	5.07	12.1	67.2	5.2	13.0	0.0	0.226	1.0	0.812	47.76	56.51
2022	Juschka	Mike Boone	RB	5	3	3	11.2	3.73	8.5	19.8	2.2	9.0	0.0	0.566	1.0	0.75	46.36	47.05
2022	Tommy	Pat Freiermuth	TE	14	3	2	15.9	7.95	9.3	81.6	6.3	13.0	1.2	0.195	0.667	0.188	44.77	61.27
2022	Benni	Tyler Allgeier	RB	16	1	1	11.7	11.7	11.7	114.4	8.2	14.0	0.0	0.102	1.0	0.062	44.4	46.85
2022	Kessi	Gerald Everett	TE	7	6	4	16.9	4.22	6.3	67.2	5.2	13.0	0.0	0.251	0.667	0.625	44.22	60.22
2022	Juschka	Cole Kmet	TE	11	6	5	18.6	3.72	7.2	76.9	5.1	15.0	0.0	0.242	0.833	0.375	43.55	60.3
2022	Ritz	Khalil Herbert	RB	4	2	2	11.2	5.6	10.1	100.8	9.2	11.0	0.0	0.111	1.0	0.812	43.54	42.36
2022	Benni	Daniel Jones	QB	8	1	1	9.04	9.04	9.04	257.8	17.2	15.0	0.0	0.035	1.0	0.562	43.52	16.98
2022	Juschka	Hayden Hurst	TE	6	4	4	14.6	3.65	4.8	52.0	4.3	12.0	0.0	0.281	1.0	0.688	43.47	47.97
2022	Erik	Zach Ertz	TE	2	1	1	7.5	7.5	7.5	68.6	6.9	10.0	0.0	0.109	1.0	0.938	43.39	55.39
2022	Juschka	David Njoku	TE	14	3	3	15.9	5.3	11.7	71.7	6.0	12.0	0.0	0.222	1.0	0.188	43.21	58.96
2022	Erik	Pat Freiermuth	TE	1	1	1	7.5	7.5	7.5	81.6	6.3	13.0	1.2	0.092	1.0	1.0	42.88	51.38
2022	Juschka	Garrett Wilson	WR	3	3	3	12.8	4.27	6.0	122.0	8.1	15.0	4.6	0.105	1.0	0.875	42.7	47.83
2022	Erik	Isaiah Likely	TE	9	1	1	8.4	8.4	8.4	37.8	2.9	13.0	0.0	0.222	1.0	0.5	42.7	58.33
2022	Ritz	Tyler Allgeier	RB	5	2	2	9.6	4.8	5.1	114.4	8.2	14.0	0.0	0.084	1.0	0.75	39.76	39.21
2022	Simi	Michael Gallup	WR	14	3	3	13.8	4.6	9.6	61.5	5.1	12.0	0.0	0.224	1.0	0.188	39.74	49.61
2022	Benni	Treylon Burks	WR	13	2	1	8.5	8.5	8.5	44.6	5.0	9.0	0.0	0.191	0.5	0.25	38.12	42.87
2022	Marv	David Njoku	TE	7	1	1	7.1	7.1	7.1	71.7	6.0	12.0	0.0	0.099	1.0	0.625	38.11	43.36
2022	Simi	P.J. Walker	QB	11	3	1	7.9	7.9	7.9	42.1	7.0	6.0	0.0	0.188	0.333	0.375	36.48	8.24
2022	Simi	Zack Moss	RB	16	1	1	7.0	7.0	7.0	28.0	2.5	11.0	0.0	0.25	1.0	0.062	33.87	36.95
2022	Ritz	Tyler Boyd	WR	9	4	3	10.2	3.4	4.4	104.0	6.9	15.0	0.0	0.098	0.75	0.5	33.34	37.09
2022	Juschka	Tyler Conklin	TE	4	2	1	5.2	5.2	5.2	64.2	4.3	15.0	0.0	0.081	0.5	0.812	32.71	34.34
2022	Tommy	Tyler Higbee	TE	5	1	1	4.6	4.6	4.6	75.6	5.4	14.0	0.0	0.061	1.0	0.75	32.41	30.29
2022	Ritz	Eno Benjamin	RB	8	1	1	4.5	4.5	4.5	62.4	5.7	11.0	0.0	0.072	1.0	0.562	29.83	33.52
2022	Simi	Alexander Mattison	RB	5	1	1	4.0	4.0	4.0	50.9	3.4	15.0	0.0	0.079	1.0	0.75	28.69	31.26
2022	Benni	Isiah Pacheco	RB	7	1	1	4.3	4.3	4.3	98.7	6.6	15.0	0.0	0.044	1.0	0.625	28.29	31.61
2022	Benni	Joshua Palmer	WR	10	1	1	4.4	4.4	4.4	91.4	6.5	14.0	0.0	0.048	1.0	0.438	27.35	34.48
2022	Erik	DeSean Jackson	WR	9	1	1	3.6	3.6	3.6	14.4	2.4	6.0	0.0	0.25	1.0	0.5	26.5	32.5
2022	Juschka	Mike Gesicki	TE	1	2	2	3.2	1.6	3.1	53.8	3.6	15.0	0.0	0.059	1.0	1.0	25.14	22.13
2022	Juschka	Gerald Everett	TE	3	1	1	2.5	2.5	2.5	67.2	5.2	13.0	0.0	0.037	1.0	0.875	23.55	15.56
2022	Juschka	Marquise Goodwin	WR	8	1	1	3.3	3.3	3.3	63.2	4.9	13.0	0.0	0.052	1.0	0.562	23.03	24.53
2022	Juschka	Tony Pollard	RB	1	1	1	2.2	2.2	2.2	207.9	13.9	15.0	69.9	0.011	1.0	1.0	22.67	26.38
2022	Marv	Irv Smith	TE	8	1	1	2.8	2.8	2.8	28.8	4.1	7.0	0.0	0.097	1.0	0.562	22.2	17.7
2022	Tommy	Kyren Williams	RB	13	2	2	3.8	1.9	2.9	20.9	3.0	7.0	0.0	0.182	1.0	0.25	21.86	23.87
2022	Benni	Rachaad White	RB	6	1	1	2.3	2.3	2.3	82.8	5.5	15.0	0.0	0.028	1.0	0.688	20.67	25.63
2022	Juschka	Jaylen Warren	RB	2	1	1	1.5	1.5	1.5	51.2	3.7	14.0	0.0	0.029	1.0	0.938	20.06	21.18
2022	Ritz	Jahan Dotson	WR	3	1	1	1.0	1.0	1.0	84.7	8.5	10.0	0.0	0.012	1.0	0.875	18.3	22.68
2022	Simi	Nyheim Hines	RB	5	1	1	0.8	0.8	0.8	39.4	2.6	15.0	0.0	0.02	1.0	0.75	15.43	14.92
2022	Erik	Curtis Samuel	WR	6	1	1	0.6	0.6	0.6	112.3	7.5	15.0	0.0	0.005	1.0	0.688	13.71	16.33
2022	Simi	Michael Carter	RB	10	2	1	1.7	1.7	1.7	84.0	6.0	14.0	0.0	0.02	0.5	0.438	13.55	15.66
2022	Benni	Alexander Mattison	RB	11	1	1	0.8	0.8	0.8	50.9	3.4	15.0	0.0	0.016	1.0	0.375	12.49	13.23
2022	Benni	Devin Duvernay	WR	9	1	1	0.5	0.5	0.5	79.1	5.7	14.0	0.0	0.006	1.0	0.5	10.96	10.09
2022	Simi	Tony Jones	RB	14	2	1	0.2	0.2	0.2	5.4	1.8	3.0	0.0	0.037	0.5	0.188	4.94	4.94
2021	Erik	Jalen Hurts	QB	1	16	14	299.2	21.37	30.78	308.2	22.0	14.0	0.0	0.971	0.875	1.0	98.29	95.3
2021	Benni	Darrell Henderson	RB	1	15	11	132.7	12.06	22.7	134.4	11.2	12.0	0.0	0.987	0.733	1.0	93.31	94.52
2021	Simi	Cordarrelle Patterson	RB	3	14	12	150.6	12.55	29.6	176.2	12.6	14.0	31.0	0.855	0.857	0.875	91.67	93.53
2021	Juschka	Marquise Brown	WR	1	16	14	131.8	9.41	24.5	131.8	9.4	14.0	0.0	1.0	0.875	1.0	91.1	96.52
2021	Juschka	Dallas Goedert	TE	1	15	13	101.9	7.84	22.5	101.9	7.3	14.0	0.4	1.0	0.867	1.0	87.29	91.33
2021	Kessi	Mac Jones	QB	1	7	7	99.66	14.24	22.18	203.8	13.6	15.0	0.0	0.489	1.0	1.0	87.28	75.06
2021	Benni	Elijah Mitchell	RB	7	9	6	90.6	15.1	22.8	118.5	11.9	10.0	0.0	0.765	0.667	0.625	85.9	88.27
2021	Benni	Alexander Mattison	RB	3	14	11	87.1	7.92	19.3	90.5	6.5	14.0	0.0	0.962	0.786	0.875	84.31	83.85
2021	Juschka	Darrel Williams	RB	6	10	9	86.7	9.63	20.9	121.6	8.1	15.0	0.0	0.713	0.9	0.688	81.54	81.84
2021	Ritz	Chuba Hubbard	RB	4	5	5	51.7	10.34	13.4	88.2	6.3	14.0	0.0	0.586	1.0	0.812	78.68	80.28
2021	Ritz	Michael Carter	RB	8	4	4	52.5	13.12	23.2	110.2	9.2	12.0	0.0	0.476	1.0	0.562	77.54	80.55
2021	Tommy	Joe Burrow	QB	7	3	3	54.28	18.09	26.64	293.4	19.6	15.0	7.0	0.185	1.0	0.625	76.71	69.48
2021	Marv	Matt Ryan	QB	7	3	3	52.1	17.37	28.52	216.5	14.4	15.0	0.0	0.241	1.0	0.625	76.26	63.96
2021	Juschka	Zach Ertz	TE	6	9	8	59.4	7.43	20.8	94.2	6.3	15.0	0.0	0.631	0.889	0.688	75.2	75.46
2021	Marv	Mike Gesicki	TE	6	11	9	56.0	6.22	14.5	84.7	5.6	15.0	0.0	0.661	0.818	0.688	72.5	64.89
2021	Juschka	D.J. Chark	WR	1	5	3	27.4	9.13	14.6	27.4	9.1	3.0	0.0	1.0	0.6	1.0	72.19	82.29
2021	Simi	Rhamondre Stevenson	RB	10	7	5	47.3	9.46	23.4	74.6	7.5	10.0	0.0	0.634	0.714	0.438	71.33	72.11
2021	Tommy	Devontae Booker	RB	6	7	6	48.9	8.15	12.6	96.9	6.9	14.0	0.0	0.505	0.857	0.688	70.78	71.3
2021	Simi	Dalton Schultz	TE	8	9	9	57.4	6.38	14.2	111.3	7.4	15.0	22.2	0.516	1.0	0.562	70.73	67.03
2021	Ritz	Dawson Knox	TE	4	4	4	40.6	10.15	15.7	109.8	8.4	13.0	6.5	0.37	1.0	0.812	70.71	74.0
2021	Juschka	Joe Burrow	QB	15	2	2	50.88	25.44	38.1	293.4	19.6	15.0	7.0	0.173	1.0	0.125	70.03	60.66
2021	Juschka	Ty'Son Williams	RB	1	4	3	26.9	8.97	15.4	32.5	4.6	7.0	0.0	0.828	0.75	1.0	69.4	67.33
2021	Juschka	Tim Patrick	WR	4	7	7	46.9	6.7	14.5	93.9	6.3	15.0	0.0	0.499	1.0	0.812	68.99	82.51
2021	Kessi	Jeffery Wilson	RB	14	3	3	35.2	11.73	17.9	44.5	6.4	7.0	0.0	0.791	1.0	0.188	68.64	68.75
2021	Juschka	Khalil Herbert	RB	6	10	8	45.9	5.74	17.2	62.9	4.5	14.0	0.0	0.73	0.8	0.688	66.88	66.48
2021	Kessi	J.D. McKissic	RB	7	10	5	41.4	8.28	17.6	84.9	7.7	11.0	0.0	0.488	0.5	0.625	66.18	65.6
2021	Juschka	AJ Dillon	RB	11	5	4	41.3	10.32	15.0	124.6	8.3	15.0	0.0	0.331	0.8	0.375	65.51	64.81
2021	Kessi	Sony Michel	RB	14	3	3	38.9	12.97	19.5	104.5	7.0	15.0	0.0	0.372	1.0	0.188	65.04	65.48
2021	Benni	Cooper Rush	QB	8	1	1	17.2	17.2	17.2	25.1	8.4	3.0	0.0	0.685	1.0	0.562	64.87	45.44
2021	Kessi	D'Onta Foreman	RB	13	4	3	33.4	11.13	13.5	57.3	8.2	7.0	0.0	0.583	0.75	0.25	64.13	63.37
2021	Kessi	Derek Carr	QB	8	4	3	37.18	12.39	18.24	243.4	16.2	15.0	0.0	0.153	0.75	0.562	62.74	40.76
2021	Juschka	Justin Jackson	RB	16	1	1	26.2	26.2	26.2	56.1	4.7	12.0	0.0	0.467	1.0	0.062	62.73	60.53
2021	Simi	Hunter Renfrow	WR	13	4	4	39.1	9.77	15.7	129.6	8.6	15.0	14.3	0.302	1.0	0.25	62.57	75.36
2021	Kessi	Jarvis Landry	WR	9	8	6	38.6	6.43	10.2	62.6	6.3	10.0	0.0	0.617	0.75	0.5	61.66	74.2
2021	Erik	Devonta Freeman	RB	12	5	5	39.3	7.86	15.7	102.2	7.3	14.0	0.0	0.385	1.0	0.312	61.31	59.71
2021	Ritz	Carson Wentz	QB	9	1	1	24.18	24.18	24.18	242.0	16.1	15.0	0.0	0.1	1.0	0.5	60.64	47.86
2021	Simi	Alex Collins	RB	6	5	4	29.5	7.38	15.8	59.8	5.4	11.0	0.0	0.493	0.8	0.688	60.1	58.51
2021	Simi	Stephen Anderson	TE	1	2	2	15.5	7.75	11.7	21.7	1.7	13.0	0.0	0.714	1.0	1.0	58.18	59.71
2021	Benni	Latavius Murray	RB	1	2	2	18.4	9.2	9.6	69.5	5.8	12.0	0.0	0.265	1.0	1.0	58.01	54.79
2021	Tommy	Dawson Knox	TE	5	2	2	22.2	11.1	17.7	109.8	8.4	13.0	6.5	0.202	1.0	0.75	58.0	65.53
2021	Juschka	Rashaad Penny	RB	15	2	2	23.9	11.95	19.5	60.2	7.5	8.0	0.0	0.397	1.0	0.125	56.94	55.69
2021	Marv	Kirk Cousins	QB	15	2	2	26.78	13.39	16.3	285.4	19.0	15.0	0.0	0.094	1.0	0.125	55.51	35.84
2021	Juschka	Nyheim Hines	RB	1	4	4	23.4	5.85	13.9	68.9	4.6	15.0	0.0	0.34	1.0	1.0	55.48	52.66
2021	Simi	Marvin Jones	WR	6	2	1	16.0	16.0	16.0	87.8	5.9	15.0	0.0	0.182	0.5	0.688	54.8	65.44
2021	Juschka	Kenneth Gainwell	RB	8	7	5	28.3	5.66	14.7	75.3	5.4	14.0	0.0	0.376	0.714	0.562	52.68	49.71
2021	Tommy	Darnell Mooney	WR	12	5	5	29.6	5.92	12.5	113.2	7.5	15.0	0.0	0.261	1.0	0.312	52.47	64.89
2021	Juschka	Kenyan Drake	RB	1	3	3	18.2	6.07	7.0	72.5	6.0	12.0	0.0	0.251	1.0	1.0	51.88	48.3
2021	Kessi	Kirk Cousins	QB	12	1	1	15.52	15.52	15.52	285.4	19.0	15.0	0.0	0.054	1.0	0.312	50.33	27.11
2021	Ritz	Dalton Schultz	TE	5	2	2	15.8	7.9	7.9	111.3	7.4	15.0	22.2	0.142	1.0	0.75	48.82	54.63
2021	Juschka	Damien Williams	RB	5	3	2	15.2	7.6	14.4	35.4	3.5	10.0	0.0	0.429	0.667	0.75	48.78	47.5
2021	Erik	Dawson Knox	TE	14	3	3	22.9	7.63	12.0	109.8	8.4	13.0	6.5	0.209	1.0	0.188	47.65	52.68
2021	Ritz	K.J. Osborn	WR	14	1	1	14.3	14.3	14.3	89.4	6.0	15.0	0.0	0.16	1.0	0.188	47.56	59.28
2021	Juschka	Rondale Moore	WR	3	4	4	16.4	4.1	9.7	55.1	3.9	14.0	0.0	0.298	1.0	0.875	47.25	62.51
2021	Juschka	Kirk Cousins	QB	8	1	1	13.16	13.16	13.16	285.4	19.0	15.0	0.0	0.046	1.0	0.562	46.58	19.49
2021	Juschka	Devin Singletary	RB	16	1	1	13.8	13.8	13.8	111.6	7.4	15.0	6.2	0.124	1.0	0.062	44.79	43.99
2021	Kessi	Kenyan Drake	RB	9	8	5	19.8	3.96	10.0	72.5	6.0	12.0	0.0	0.273	0.625	0.5	42.97	39.89
2021	Tommy	Mark Ingram	RB	2	6	5	15.1	3.02	4.1	81.6	5.8	14.0	0.0	0.185	0.833	0.938	39.98	38.41
2021	Simi	Devin Singletary	RB	3	3	3	13.5	4.5	8.6	111.6	7.4	15.0	6.2	0.121	1.0	0.875	39.87	36.03
2021	Marv	D'Onta Foreman	RB	11	2	2	13.2	6.6	9.2	57.3	8.2	7.0	0.0	0.23	1.0	0.375	39.4	35.22
2021	Benni	Pat Freiermuth	TE	12	1	1	10.0	10.0	10.0	84.2	6.0	14.0	0.0	0.119	1.0	0.312	38.61	43.9
2021	Erik	Michael Carter	RB	15	2	2	14.4	7.2	12.4	110.2	9.2	12.0	0.0	0.131	1.0	0.125	38.0	35.19
2021	Kessi	Mo Alie-Cox	TE	7	1	1	8.5	8.5	8.5	50.1	3.3	15.0	0.0	0.17	1.0	0.625	37.99	43.13
2021	Benni	Mark Ingram	RB	11	1	1	9.3	9.3	9.3	81.6	5.8	14.0	0.0	0.114	1.0	0.375	36.8	33.95
2021	Marv	Sony Michel	RB	1	4	4	11.8	2.95	7.9	104.5	7.0	15.0	0.0	0.113	1.0	1.0	36.37	32.51
2021	Tommy	Hunter Henry	TE	7	2	2	11.6	5.8	8.3	102.0	7.3	14.0	5.7	0.114	1.0	0.625	35.86	35.63
2021	Marv	Sterling Shepard	WR	3	9	3	11.7	3.9	7.6	41.7	6.0	7.0	0.0	0.281	0.333	0.875	35.49	50.82
2021	Simi	Emmanuel Sanders	WR	6	3	1	9.1	9.1	9.1	89.7	6.4	14.0	0.0	0.101	0.333	0.688	35.22	46.73
2021	Kessi	Elijah Mitchell	RB	2	5	2	11.5	5.75	6.2	118.5	11.9	10.0	0.0	0.097	0.4	0.938	34.99	31.21
2021	Simi	Jordan Howard	RB	10	1	1	8.3	8.3	8.3	57.9	9.7	6.0	0.0	0.143	1.0	0.438	34.97	32.46
2021	Tommy	Marvin Jones	WR	3	3	3	11.1	3.7	6.2	87.8	5.9	15.0	0.0	0.126	1.0	0.875	34.67	48.5
2021	Erik	Chuba Hubbard	RB	13	2	1	9.3	9.3	9.3	88.2	6.3	14.0	0.0	0.105	0.5	0.25	33.67	31.69
2021	Erik	Hunter Henry	TE	9	1	1	7.9	7.9	7.9	102.0	7.3	14.0	5.7	0.077	1.0	0.5	33.2	35.82
2021	Marv	Emmanuel Sanders	WR	10	3	3	10.5	3.5	5.1	89.7	6.4	14.0	0.0	0.117	1.0	0.438	29.41	40.66
2021	Benni	Kadarius Toney	WR	6	2	2	6.96	3.48	3.6	43.4	4.8	9.0	0.0	0.16	1.0	0.688	27.29	35.71
2021	Erik	Trey Lance	QB	1	1	1	4.4	4.4	4.4	46.9	9.4	5.0	0.0	0.094	1.0	1.0	26.3	16.41
2021	Erik	Jeffery Wilson	RB	11	1	1	5.8	5.8	5.8	44.5	6.4	7.0	0.0	0.13	1.0	0.375	25.97	25.35
2021	Marv	Hunter Renfrow	WR	5	1	1	5.6	5.6	5.6	129.6	8.6	15.0	14.3	0.043	1.0	0.75	25.51	36.48
2021	Marv	Devonta Freeman	RB	10	1	1	5.8	5.8	5.8	102.2	7.3	14.0	0.0	0.057	1.0	0.438	24.75	23.26
2021	Juschka	Jamison Crowder	WR	5	1	1	4.4	4.4	4.4	57.1	5.2	11.0	0.0	0.077	1.0	0.75	24.3	30.32
2021	Benni	Jared Cook	TE	16	1	1	6.4	6.4	6.4	76.4	5.1	15.0	0.0	0.084	1.0	0.062	23.98	20.21
2021	Kessi	Cole Beasley	WR	9	3	3	7.1	2.37	3.3	70.0	5.0	14.0	0.0	0.101	1.0	0.5	23.56	33.42
2021	Ritz	C.J. Uzomah	TE	8	2	2	5.7	2.85	3.3	76.1	5.1	15.0	0.0	0.075	1.0	0.562	20.78	15.08
2021	Ritz	Elijah Moore	WR	12	1	1	5.3	5.3	5.3	95.2	8.7	11.0	0.0	0.056	1.0	0.312	20.57	28.96
2021	Simi	Boston Scott	RB	9	1	1	4.0	4.0	4.0	65.0	6.5	10.0	0.0	0.062	1.0	0.5	19.85	20.46
2021	Marv	Kendrick Bourne	WR	13	3	2	6.6	3.3	6.3	113.0	7.5	15.0	0.0	0.058	0.667	0.25	18.96	24.8
2021	Simi	Marlon Mack	RB	2	1	1	1.6	1.6	1.6	10.9	1.8	6.0	0.0	0.147	1.0	0.938	18.31	18.68
2021	Simi	Jeremy McNichols	RB	9	1	1	3.5	3.5	3.5	44.2	3.7	12.0	0.0	0.079	1.0	0.5	17.96	18.63
2021	Marv	Kenneth Gainwell	RB	5	2	2	2.5	1.25	2.4	75.3	5.4	14.0	0.0	0.033	1.0	0.75	15.58	15.79
2021	Benni	Logan Thomas	TE	12	1	1	3.1	3.1	3.1	35.6	7.1	5.0	0.0	0.087	1.0	0.312	15.02	10.76
2021	Tommy	Nyheim Hines	RB	10	1	1	2.9	2.9	2.9	68.9	4.6	15.0	0.0	0.042	1.0	0.438	14.42	14.89
2021	Juschka	Van Jefferson	WR	15	2	2	3.9	1.95	3.3	108.8	7.3	15.0	0.0	0.036	1.0	0.125	12.17	13.46
2021	Tommy	Jarvis Landry	WR	2	3	1	0.9	0.9	0.9	62.6	6.3	10.0	0.0	0.014	0.333	0.938	12.01	11.25
2021	Kessi	T.Y. Hilton	WR	7	2	1	1.6	1.6	1.6	36.7	4.6	8.0	0.0	0.044	0.5	0.625	11.88	12.74
2021	Kessi	Matt Breida	RB	13	1	1	0.8	0.8	0.8	35.7	5.1	7.0	0.0	0.022	1.0	0.25	7.83	7.83
2020	Ritz	Aaron Rodgers	QB	2	15	14	325.5	23.25	30.9	361.3	24.1	15.0	44.7	0.901	0.933	0.938	97.16	96.45
2020	Marv	James Robinson	RB	2	15	13	192.4	14.8	27.7	201.4	14.4	14.0	70.6	0.955	0.867	0.938	94.2	96.96
2020	Benni	Antonio Gibson	RB	1	15	12	151.2	12.6	31.6	158.1	12.2	13.0	27.3	0.956	0.8	1.0	92.08	94.83
2020	Marv	Justin Herbert	QB	6	11	10	212.56	21.26	38.48	309.9	22.1	14.0	0.0	0.686	0.909	0.688	90.6	86.72
2020	Juschka	Mike Davis	RB	3	13	13	140.0	10.77	21.3	147.5	9.8	15.0	16.7	0.949	1.0	0.875	89.5	91.5
2020	Juschka	Justin Jefferson	WR	4	13	12	142.4	11.87	30.6	172.9	11.5	15.0	45.3	0.824	0.923	0.812	87.72	95.09
2020	Tommy	Tom Brady	QB	5	8	8	153.0	19.12	36.86	318.7	21.2	15.0	2.1	0.48	1.0	0.75	86.37	76.37
2020	Tommy	Stephen Anderson	TE	3	14	13	96.8	7.45	15.4	5.4	0.4	15.0	0.0	1.0	0.929	0.875	86.17	92.94
2020	Marv	Myles Gaskin	RB	4	13	6	85.2	14.2	28.9	109.5	12.2	9.0	0.0	0.778	0.462	0.812	84.63	86.42
2020	Ritz	Darrell Henderson	RB	3	10	9	75.2	8.36	18.8	114.3	7.6	15.0	0.0	0.658	0.9	0.875	80.8	81.23
2020	Marv	Ryan Tannehill	QB	6	4	4	77.88	19.47	28.64	321.9	21.5	15.0	5.3	0.242	1.0	0.688	79.55	71.62
2020	Tommy	Drew Brees	QB	1	4	4	59.34	14.84	23.52	195.4	17.8	11.0	0.0	0.304	1.0	1.0	78.85	63.45
2020	Erik	Hunter Henry	TE	1	11	10	67.4	6.74	12.5	85.3	6.1	14.0	0.0	0.79	0.909	1.0	78.31	86.85
2020	Kessi	J.D. McKissic	RB	10	7	7	68.8	9.83	16.7	108.4	7.2	15.0	0.0	0.635	1.0	0.438	76.99	77.28
2020	Kessi	Ryan Tannehill	QB	14	3	3	69.84	23.28	37.02	321.9	21.5	15.0	5.3	0.217	1.0	0.188	74.38	69.02
2020	Marv	Deebo Samuel	WR	4	11	7	47.7	6.81	13.3	47.7	6.8	7.0	0.0	1.0	0.636	0.812	73.88	79.98
2020	Tommy	Tee Higgins	WR	8	9	8	66.4	8.3	15.9	127.6	8.5	15.0	0.0	0.52	0.889	0.562	73.32	83.13
2020	Juschka	Adrian Peterson	RB	1	12	11	60.2	5.47	11.8	100.2	6.7	15.0	0.0	0.601	0.917	1.0	72.69	71.98
2020	Erik	Devonta Freeman	RB	2	5	4	28.2	7.05	14.7	29.0	5.8	5.0	0.0	0.972	0.8	0.938	70.99	70.66
2020	Marv	Baker Mayfield	QB	14	3	3	59.0	19.67	30.02	239.4	16.0	15.0	0.0	0.246	1.0	0.188	70.77	59.46
2020	Tommy	Chase Claypool	WR	9	8	8	57.2	7.15	17.3	136.8	9.1	15.0	9.2	0.418	1.0	0.5	67.48	73.64
2020	Kessi	Robert Tonyan	TE	9	8	8	55.9	6.99	12.7	116.8	7.8	15.0	21.9	0.479	1.0	0.5	67.08	76.28
2020	Simi	Giovani Bernard	RB	11	6	6	48.4	8.07	21.7	110.4	7.4	15.0	0.0	0.438	1.0	0.375	66.84	67.48
2020	Marv	Chase Edmonds	RB	8	9	8	54.7	6.84	12.6	112.5	7.5	15.0	0.0	0.486	0.889	0.562	66.14	66.54
2020	Ritz	Tom Brady	QB	1	1	1	20.46	20.46	20.46	318.7	21.2	15.0	2.1	0.064	1.0	1.0	65.96	52.07
2020	Simi	Wayne Gallman	RB	12	5	5	44.1	8.82	15.1	109.1	7.8	14.0	0.0	0.404	1.0	0.312	65.9	66.07
2020	Tommy	Ben Roethlisberger	QB	11	3	3	42.7	14.23	16.68	277.2	18.5	15.0	0.0	0.154	1.0	0.375	65.2	47.17
2020	Simi	Mike Gesicki	TE	13	4	3	38.7	12.9	18.5	101.6	7.3	14.0	6.7	0.381	0.75	0.25	64.79	73.33
2020	Tommy	Kirk Cousins	QB	13	2	2	38.5	19.25	21.4	284.9	19.0	15.0	0.0	0.135	1.0	0.25	64.27	50.64
2020	Juschka	Jared Goff	QB	10	2	2	33.52	16.76	23.04	253.0	16.9	15.0	0.0	0.132	1.0	0.438	63.99	46.36
2020	Ritz	Cam Newton	QB	3	4	2	28.66	14.33	17.48	231.5	16.5	14.0	0.0	0.124	0.5	0.875	63.92	42.0
2020	Simi	Jerick McKinnon	RB	3	6	6	37.2	6.2	15.7	92.6	6.2	15.0	0.0	0.402	1.0	0.875	62.81	61.67
2020	Benni	Giovani Bernard	RB	8	1	1	19.8	19.8	19.8	110.4	7.4	15.0	0.0	0.179	1.0	0.562	62.6	61.14
2020	Ritz	Nyheim Hines	RB	11	6	6	43.3	7.22	9.5	123.5	8.2	15.0	0.0	0.351	1.0	0.375	62.4	62.39
2020	Simi	Boston Scott	RB	7	3	2	23.1	11.55	15.2	62.7	4.2	15.0	0.0	0.368	0.667	0.625	61.67	61.59
2020	Simi	Jeffery Wilson	RB	16	1	1	26.4	26.4	26.4	108.5	9.9	11.0	0.0	0.243	1.0	0.062	61.59	60.35
2020	Simi	Frank Gore	RB	6	7	7	38.4	5.49	12.5	84.2	5.6	15.0	0.0	0.456	1.0	0.688	61.45	60.88
2020	Kessi	Jamison Crowder	WR	5	7	4	31.7	7.92	17.6	109.9	10.0	11.0	0.0	0.288	0.571	0.75	60.94	70.99
2020	Simi	Ryan Fitzpatrick	QB	6	1	1	16.04	16.04	16.04	160.7	16.1	10.0	0.0	0.1	1.0	0.688	57.72	36.16
2020	Erik	Chase Edmonds	RB	5	2	2	18.1	9.05	15.2	112.5	7.5	15.0	0.0	0.161	1.0	0.75	57.24	56.54
2020	Erik	Chase Claypool	WR	6	3	3	22.1	7.37	14.1	136.8	9.1	15.0	9.2	0.162	1.0	0.688	56.53	65.89
2020	Erik	Jonnu Smith	TE	3	6	5	27.2	5.44	16.0	98.4	7.0	14.0	3.5	0.276	0.833	0.875	56.35	67.05
2020	Benni	Jalen Hurts	QB	16	1	1	18.58	18.58	18.58	94.9	6.8	14.0	0.0	0.196	1.0	0.062	56.34	36.34
2020	Ritz	Dalton Schultz	TE	4	1	1	13.2	13.2	13.2	76.5	5.1	15.0	0.0	0.173	1.0	0.812	55.61	64.35
2020	Ritz	Jared Cook	TE	7	2	2	17.4	8.7	9.2	80.1	5.7	14.0	0.0	0.217	1.0	0.625	55.41	70.41
2020	Tommy	Sammy Watkins	WR	2	4	4	18.0	4.5	8.4	51.4	5.1	10.0	0.0	0.35	1.0	0.938	53.57	58.58
2020	Benni	Dallas Goedert	TE	12	1	1	13.5	13.5	13.5	70.4	6.4	11.0	0.0	0.192	1.0	0.312	51.61	62.82
2020	Kessi	Corey Davis	WR	14	3	2	18.4	9.2	17.0	122.5	9.4	13.0	0.0	0.15	0.667	0.188	50.7	60.62
2020	Ritz	Jamaal Williams	RB	8	1	1	12.2	12.2	12.2	93.5	7.2	13.0	0.0	0.13	1.0	0.562	49.64	52.84
2020	Kessi	Derek Carr	QB	8	1	1	12.54	12.54	12.54	258.2	17.2	15.0	0.0	0.049	1.0	0.562	49.13	26.91
2020	Tommy	Jared Goff	QB	4	1	1	11.7	11.7	11.7	253.0	16.9	15.0	0.0	0.046	1.0	0.812	48.96	25.48
2020	Erik	Logan Thomas	TE	15	2	2	16.4	8.2	10.1	94.9	6.3	15.0	0.0	0.173	1.0	0.125	48.44	61.57
2020	Simi	Travis Fulgham	WR	8	3	2	14.6	7.3	13.8	76.4	6.4	12.0	0.0	0.191	0.667	0.562	48.28	54.45
2020	Marv	Jonnu Smith	TE	10	4	2	15.5	7.75	8.0	98.4	7.0	14.0	3.5	0.158	0.5	0.438	47.23	58.8
2020	Tommy	Damien Harris	RB	12	2	2	14.2	7.1	9.5	86.3	8.6	10.0	0.0	0.165	1.0	0.312	45.95	47.62
2020	Marv	Jimmy Graham	TE	4	2	2	12.6	6.3	9.3	93.1	6.2	15.0	0.0	0.135	1.0	0.812	45.75	54.24
2020	Erik	DeeJay Dallas	RB	9	1	1	9.9	9.9	9.9	39.9	3.3	12.0	0.0	0.248	1.0	0.5	45.74	49.67
2020	Juschka	James White	RB	12	2	2	13.8	6.9	13.7	58.5	4.5	13.0	0.0	0.236	1.0	0.312	45.5	45.17
2020	Tommy	Gardner Minshew	QB	3	1	1	9.2	9.2	9.2	164.7	18.3	9.0	0.0	0.056	1.0	0.875	45.5	22.37
2020	Simi	Jared Cook	TE	8	2	2	12.1	6.05	11.1	80.1	5.7	14.0	0.0	0.151	1.0	0.562	41.57	48.79
2020	Erik	Carson Wentz	QB	8	1	1	8.62	8.62	8.62	213.4	17.8	12.0	0.0	0.04	1.0	0.562	40.82	15.11
2020	Marv	Cole Beasley	WR	15	2	2	12.9	6.45	11.2	125.5	8.4	15.0	0.0	0.103	1.0	0.125	39.11	43.58
2020	Juschka	Dalton Schultz	TE	6	3	3	11.0	3.67	5.3	76.5	5.1	15.0	0.0	0.144	1.0	0.688	37.47	39.95
2020	Tommy	Salvon Ahmed	RB	11	1	1	7.4	7.4	7.4	47.2	9.4	5.0	0.0	0.157	1.0	0.375	36.36	41.11
2020	Tommy	Noah Fant	TE	3	2	2	8.1	4.05	4.6	82.5	5.9	14.0	0.0	0.098	1.0	0.875	36.33	40.67
2020	Ritz	Eric Ebron	TE	13	3	2	11.8	5.9	6.8	85.8	5.7	15.0	0.0	0.138	0.667	0.25	35.88	40.63
2020	Kessi	Allen Lazard	WR	4	9	2	10.1	5.05	8.3	63.1	7.0	9.0	0.0	0.16	0.222	0.812	35.87	41.1
2020	Erik	Kalen Ballage	RB	11	1	1	7.1	7.1	7.1	55.3	5.5	10.0	0.0	0.128	1.0	0.375	34.21	37.7
2020	Benni	Joshua Kelley	RB	3	4	3	8.3	2.77	3.8	58.2	4.5	13.0	0.0	0.143	0.75	0.875	34.04	37.89
2020	Kessi	Curtis Samuel	WR	12	2	1	7.7	7.7	7.7	123.0	8.8	14.0	0.0	0.063	0.5	0.312	33.23	40.78
2020	Simi	Christian Kirk	WR	10	5	5	11.2	2.24	5.0	98.4	7.0	14.0	0.0	0.114	1.0	0.438	33.01	37.93
2020	Juschka	Devontae Booker	RB	13	4	4	10.1	2.52	5.1	67.1	4.5	15.0	0.0	0.151	1.0	0.25	31.48	35.17
2020	Erik	Dallas Goedert	TE	2	3	2	6.3	3.15	3.3	70.4	6.4	11.0	0.0	0.089	0.667	0.938	29.5	31.32
2020	Juschka	Corey Davis	WR	9	2	1	6.7	6.7	6.7	122.5	9.4	13.0	0.0	0.055	0.5	0.5	29.23	32.01
2020	Juschka	Michael Pittman	WR	12	2	2	7.4	3.7	4.6	55.9	4.7	12.0	0.0	0.132	1.0	0.312	29.19	30.1
2020	Tommy	Jimmy Graham	TE	6	2	2	6.5	3.25	3.4	93.1	6.2	15.0	0.0	0.07	1.0	0.688	29.09	33.38
2020	Tommy	Antonio Gibson	RB	16	1	1	6.9	6.9	6.9	158.1	12.2	13.0	27.3	0.044	1.0	0.062	28.7	30.87
2020	Erik	Brian Hill	RB	12	1	1	5.5	5.5	5.5	56.8	3.8	15.0	0.0	0.097	1.0	0.312	27.25	29.3
2020	Tommy	DeAndre Washington	RB	14	2	1	5.2	5.2	5.2	12.1	3.0	4.0	0.0	0.43	0.5	0.188	27.19	27.59
2020	Erik	Noah Fant	TE	9	1	1	4.5	4.5	4.5	82.5	5.9	14.0	0.0	0.055	1.0	0.5	26.28	30.37
2020	Benni	Alexander Mattison	RB	6	1	1	3.0	3.0	3.0	47.4	4.0	12.0	0.0	0.063	1.0	0.688	23.53	27.69
2020	Juschka	Sammy Watkins	WR	12	1	1	3.8	3.8	3.8	51.4	5.1	10.0	0.0	0.074	1.0	0.312	22.87	26.07
2020	Tommy	Cam Newton	QB	12	1	1	3.96	3.96	3.96	231.5	16.5	14.0	0.0	0.017	1.0	0.312	22.72	8.38
2020	Tommy	Jakobi Meyers	WR	11	1	1	3.8	3.8	3.8	71.3	5.5	13.0	0.0	0.053	1.0	0.375	22.47	22.7
2020	Simi	Eric Ebron	TE	10	1	1	3.8	3.8	3.8	85.8	5.7	15.0	0.0	0.044	1.0	0.438	22.26	25.49
2020	Tommy	Eric Ebron	TE	5	1	1	2.3	2.3	2.3	85.8	5.7	15.0	0.0	0.027	1.0	0.75	20.88	16.09
2020	Juschka	Jamaal Williams	RB	14	3	2	5.8	2.9	3.8	93.5	7.2	13.0	0.0	0.062	0.667	0.188	20.69	24.52
2020	Simi	Hunter Henry	TE	7	1	1	2.3	2.3	2.3	85.3	6.1	14.0	0.0	0.027	1.0	0.625	20.34	18.02
2020	Erik	Russell Gage	WR	4	1	1	2.0	2.0	2.0	92.9	6.2	15.0	0.0	0.022	1.0	0.812	19.81	20.82
2020	Simi	Dalton Schultz	TE	12	1	1	2.4	2.4	2.4	76.5	5.1	15.0	0.0	0.031	1.0	0.312	17.98	18.13
2020	Marv	Peyton Barber	RB	2	2	2	0.7	0.35	0.6	50.0	3.3	15.0	0.0	0.014	1.0	0.938	15.3	16.48
2020	Simi	Adrian Peterson	RB	11	1	1	1.8	1.8	1.8	100.2	6.7	15.0	0.0	0.018	1.0	0.375	13.97	18.48
2020	Benni	Noah Fant	TE	10	1	1	1.8	1.8	1.8	82.5	5.9	14.0	0.0	0.022	1.0	0.438	13.95	9.71
2020	Simi	JaMycal Hasty	RB	9	1	1	1.3	1.3	1.3	24.1	3.0	8.0	0.0	0.054	1.0	0.5	13.64	16.49
2020	Kessi	Tony Pollard	RB	16	1	1	2.0	2.0	2.0	89.4	6.0	15.0	0.0	0.022	1.0	0.062	13.02	17.3
2020	Tommy	Curtis Samuel	WR	10	1	1	1.2	1.2	1.2	123.0	8.8	14.0	0.0	0.01	1.0	0.438	11.65	9.53
2020	Simi	Marvin Jones	WR	16	1	1	1.9	1.9	1.9	121.8	8.1	15.0	0.0	0.016	1.0	0.062	11.52	9.54
2020	Erik	Latavius Murray	RB	13	1	1	1.7	1.7	1.7	113.2	7.5	15.0	0.0	0.015	1.0	0.25	11.26	15.29
2020	Tommy	Benny Snell	RB	13	1	1	1.0	1.0	1.0	63.9	4.3	15.0	0.0	0.016	1.0	0.25	9.15	11.52
2020	Simi	Salvon Ahmed	RB	16	1	1	0.3	0.3	0.3	47.2	9.4	5.0	0.0	0.006	1.0	0.062	5.71	5.71
2019	Erik	Lamar Jackson	QB	2	15	14	382.12	27.29	37.08	421.7	28.1	15.0	154.9	0.906	0.933	0.938	97.39	96.39
2019	Ritz	Dak Prescott	QB	2	15	14	274.76	19.63	31.56	319.2	21.3	15.0	52.4	0.861	0.933	0.938	94.89	86.33
2019	Simi	Tom Brady	QB	1	15	14	231.6	16.54	25.64	255.8	17.1	15.0	0.0	0.905	0.933	1.0	93.61	78.24
2019	Kessi	Carson Wentz	QB	1	9	9	152.8	16.98	25.02	265.8	17.7	15.0	0.0	0.575	1.0	1.0	88.87	71.75
2019	Marv	Carlos Hyde	RB	3	14	13	124.4	9.57	17.0	141.9	9.5	15.0	0.6	0.877	0.929	0.875	87.04	92.0
2019	Benni	Mark Andrews	TE	2	14	13	109.1	8.39	21.3	143.2	9.5	15.0	63.0	0.762	0.929	0.938	82.53	89.74
2019	Juschka	D.J. Chark	WR	4	13	11	103.7	9.43	28.4	149.4	10.7	14.0	15.4	0.694	0.846	0.812	81.17	89.76
2019	Juschka	Josh Allen	QB	11	6	6	124.1	20.68	33.84	297.4	19.8	15.0	30.6	0.417	1.0	0.375	80.74	66.25
2019	Tommy	Devin Singletary	RB	9	8	8	83.9	10.49	20.0	118.9	9.9	12.0	0.0	0.706	1.0	0.5	79.49	85.59
2019	Erik	Golden Tate	WR	4	11	8	75.0	9.38	19.5	90.4	9.0	10.0	0.0	0.83	0.727	0.812	79.33	82.7
2019	Benni	Ryan Tannehill	QB	13	4	4	89.16	22.29	27.54	212.3	19.3	11.0	0.0	0.42	1.0	0.25	78.19	64.43
2019	Benni	Matt Breida	RB	2	7	6	61.8	10.3	24.9	82.7	6.9	12.0	0.0	0.747	0.857	0.938	77.8	86.69
2019	Juschka	Michael Gallup	WR	6	11	10	79.0	7.9	14.8	118.9	9.1	13.0	0.0	0.664	0.909	0.688	75.53	80.88
2019	Benni	DeVante Parker	WR	12	5	5	76.1	15.22	27.9	160.5	10.7	15.0	26.5	0.474	1.0	0.312	74.38	80.23
2019	Erik	John Brown	WR	7	7	7	73.22	10.46	25.7	147.8	9.9	15.0	13.8	0.495	1.0	0.625	74.28	77.68
2019	Benni	Josh Allen	QB	3	3	3	56.86	18.95	21.28	297.4	19.8	15.0	30.6	0.191	1.0	0.875	72.71	55.99
2019	Erik	Darren Waller	TE	2	7	6	59.4	9.9	24.6	120.3	8.0	15.0	40.1	0.494	0.857	0.938	72.66	83.46
2019	Ritz	Carson Wentz	QB	12	4	4	74.78	18.7	24.4	265.8	17.7	15.0	0.0	0.281	1.0	0.312	72.46	53.59
2019	Marv	Marquise Brown	WR	2	15	12	72.2	6.02	16.2	98.9	7.6	13.0	0.0	0.73	0.8	0.938	72.26	67.83
2019	Ritz	Austin Hooper	TE	5	12	8	69.5	8.69	17.7	112.2	9.4	12.0	32.0	0.619	0.667	0.75	71.58	82.98
2019	Ritz	Emmanuel Sanders	WR	1	5	5	44.7	8.94	17.8	121.8	7.6	16.0	0.0	0.367	1.0	1.0	67.58	64.5
2019	Kessi	Emmanuel Sanders	WR	9	8	8	62.6	7.83	27.1	121.8	7.6	16.0	0.0	0.514	1.0	0.5	67.34	63.71
2019	Benni	Josh Gordon	WR	1	6	5	34.1	6.82	13.3	47.7	4.3	11.0	0.0	0.715	0.833	1.0	66.11	57.89
2019	Simi	Kyle Rudolph	TE	10	6	5	45.0	9.0	15.4	74.7	5.0	15.0	0.0	0.602	0.833	0.438	65.5	76.62
2019	Kessi	Tyrell Williams	WR	5	12	9	55.5	6.17	15.1	101.1	7.8	13.0	0.0	0.549	0.75	0.75	64.24	58.99
2019	Simi	Kirk Cousins	QB	13	4	4	49.18	12.29	17.04	250.4	16.7	15.0	0.0	0.196	1.0	0.25	62.15	36.69
2019	Benni	Jameis Winston	QB	15	2	2	43.72	21.86	32.72	318.8	21.3	15.0	52.0	0.137	1.0	0.125	62.09	45.18
2019	Ritz	Kirk Cousins	QB	8	2	2	30.9	15.45	19.3	250.4	16.7	15.0	0.0	0.123	1.0	0.562	59.66	33.09
2019	Simi	Ryan Fitzpatrick	QB	16	1	1	31.66	31.66	31.66	230.2	16.4	14.0	0.0	0.138	1.0	0.062	59.4	46.44
2019	Benni	Raheem Mostert	RB	14	2	2	32.8	16.4	22.9	131.9	8.8	15.0	0.0	0.249	1.0	0.188	59.27	71.98
2019	Erik	Terry McLaurin	WR	4	6	5	36.0	7.2	22.0	133.9	9.6	14.0	0.0	0.269	0.833	0.812	59.12	52.82
2019	Erik	Jonathan Williams	RB	12	1	1	18.1	18.1	18.1	35.4	4.4	8.0	0.0	0.511	1.0	0.312	58.96	72.15
2019	Simi	Will Dissly	TE	4	3	2	20.5	10.25	11.7	50.9	8.5	6.0	0.0	0.403	0.667	0.812	58.6	68.93
2019	Tommy	Matthew Stafford	QB	9	3	1	24.84	24.84	24.84	171.6	21.4	8.0	0.0	0.145	0.333	0.5	57.62	38.84
2019	Simi	Frank Gore	RB	4	4	4	27.8	6.95	10.9	77.7	5.2	15.0	0.0	0.358	1.0	0.812	57.51	71.22
2019	Ritz	Darren Waller	TE	11	6	6	42.8	7.13	12.2	120.3	8.0	15.0	40.1	0.356	1.0	0.375	57.02	66.95
2019	Simi	Jameis Winston	QB	10	1	1	18.32	18.32	18.32	318.8	21.3	15.0	52.0	0.057	1.0	0.438	54.26	25.24
2019	Erik	Mark Andrews	TE	10	1	1	17.3	17.3	17.3	143.2	9.5	15.0	63.0	0.121	1.0	0.438	53.51	62.15
2019	Tommy	Jimmy Garoppolo	QB	15	2	2	23.02	11.51	12.6	248.5	16.6	15.0	0.0	0.093	1.0	0.125	51.18	17.02
2019	Juschka	Gerald Everett	TE	6	6	5	22.2	4.44	11.0	52.8	4.4	12.0	0.0	0.42	0.833	0.688	50.27	59.73
2019	Simi	DeAndre Washington	RB	16	1	1	16.6	16.6	16.6	72.7	4.8	15.0	0.0	0.228	1.0	0.062	50.26	62.22
2019	Benni	Daniel Jones	QB	4	1	1	12.3	12.3	12.3	211.3	17.6	12.0	0.0	0.058	1.0	0.812	50.09	16.49
2019	Kessi	Greg Olsen	TE	10	7	5	25.4	5.08	9.8	70.5	5.4	13.0	0.0	0.36	0.714	0.438	49.33	59.06
2019	Tommy	Jacoby Brissett	QB	12	1	1	13.16	13.16	13.16	218.5	15.6	14.0	0.0	0.06	1.0	0.312	45.97	15.9
2019	Benni	Alexander Mattison	RB	10	6	4	19.6	4.9	7.3	58.4	4.5	13.0	0.0	0.336	0.667	0.438	44.95	59.57
2019	Tommy	Randall Cobb	WR	2	4	4	15.2	3.8	5.3	91.8	6.6	14.0	0.0	0.166	1.0	0.938	44.55	43.37
2019	Benni	Devin Singletary	RB	2	6	2	14.3	7.15	11.7	118.9	9.9	12.0	0.0	0.12	0.333	0.938	43.82	55.12
2019	Benni	Tyler Higbee	TE	15	1	1	11.1	11.1	11.1	77.0	5.5	14.0	0.0	0.144	1.0	0.125	43.17	56.03
2019	Marv	Benny Snell	RB	13	3	3	14.9	4.97	12.7	39.8	3.3	12.0	0.0	0.374	1.0	0.25	42.13	54.02
2019	Tommy	Breshad Perriman	WR	16	1	1	10.2	10.2	10.2	82.7	6.4	13.0	0.0	0.123	1.0	0.062	39.17	42.96
2019	Simi	Terry McLaurin	WR	11	3	3	14.9	4.97	7.2	133.9	9.6	14.0	0.0	0.111	1.0	0.375	38.59	35.41
2019	Benni	Darren Waller	TE	8	2	2	11.1	5.55	7.1	120.3	8.0	15.0	40.1	0.092	1.0	0.562	38.1	46.76
2019	Benni	Jaylen Samuels	RB	9	2	2	10.3	5.15	6.3	56.8	4.4	13.0	0.0	0.181	1.0	0.5	37.96	49.99
2019	Benni	Justin Jackson	RB	1	1	1	6.1	6.1	6.1	21.1	3.5	6.0	0.0	0.289	1.0	1.0	37.63	50.7
2019	Ritz	T.J. Hockenson	TE	2	3	3	9.5	3.17	8.7	48.7	4.1	12.0	0.0	0.195	1.0	0.938	37.06	42.54
2019	Ritz	Delanie Walker	TE	3	1	1	6.4	6.4	6.4	33.5	4.8	7.0	0.0	0.191	1.0	0.875	36.01	39.0
2019	Simi	Dion Lewis	RB	16	1	1	8.7	8.7	8.7	40.7	2.7	15.0	0.0	0.214	1.0	0.062	35.54	48.38
2019	Ritz	Darius Slayton	WR	15	2	1	9.1	9.1	9.1	117.0	9.0	13.0	0.0	0.078	0.5	0.125	33.58	34.92
2019	Benni	John Brown	WR	10	1	1	7.7	7.7	7.7	147.8	9.9	15.0	13.8	0.052	1.0	0.438	33.33	30.16
2019	Tommy	Jacob Hollister	TE	12	3	3	10.0	3.33	4.4	50.4	5.0	10.0	0.0	0.198	1.0	0.312	32.19	40.61
2019	Ritz	Terry McLaurin	WR	16	1	1	8.6	8.6	8.6	133.9	9.6	14.0	0.0	0.064	1.0	0.062	32.19	32.08
2019	Simi	Ryan Griffin	TE	12	1	1	7.3	7.3	7.3	64.0	4.9	13.0	0.0	0.114	1.0	0.312	32.15	39.83
2019	Ritz	Jamaal Williams	RB	11	2	1	8.0	8.0	8.0	106.9	7.6	14.0	0.0	0.075	0.5	0.375	31.89	43.74
2019	Ritz	Malcolm Brown	RB	2	1	1	4.7	4.7	4.7	47.9	3.7	13.0	0.0	0.098	1.0	0.938	30.12	41.3
2019	Simi	T.J. Hockenson	TE	9	1	1	5.6	5.6	5.6	48.7	4.1	12.0	0.0	0.115	1.0	0.5	28.31	28.39
2019	Benni	Jacob Hollister	TE	16	1	1	6.4	6.4	6.4	50.4	5.0	10.0	0.0	0.127	1.0	0.062	27.77	33.24
2019	Juschka	Jimmy Graham	TE	12	5	4	8.8	2.2	4.9	57.8	3.9	15.0	0.0	0.152	0.8	0.312	26.72	30.35
2019	Erik	Malcolm Brown	RB	6	1	1	4.0	4.0	4.0	47.9	3.7	13.0	0.0	0.084	1.0	0.688	25.46	32.23
2019	Tommy	Mark Walton	RB	9	1	1	4.1	4.1	4.1	27.0	3.9	7.0	0.0	0.152	1.0	0.5	25.45	34.55
2019	Ritz	Greg Olsen	TE	4	4	2	5.7	2.85	5.2	70.5	5.4	13.0	0.0	0.081	0.5	0.812	24.64	24.22
2019	Marv	Ty Johnson	RB	8	1	1	3.8	3.8	3.8	29.7	2.0	15.0	0.0	0.128	1.0	0.562	24.0	28.45
2019	Juschka	John Ross	WR	3	3	2	3.8	1.9	3.6	63.0	9.0	7.0	0.0	0.06	0.667	0.875	20.67	21.48
2019	Simi	Jason Witten	TE	7	1	1	3.3	3.3	3.3	74.5	5.0	15.0	0.0	0.044	1.0	0.625	19.71	21.43
2019	Ritz	Deebo Samuel	WR	15	1	1	3.7	3.7	3.7	112.6	8.0	14.0	0.0	0.033	1.0	0.125	16.5	14.74
2019	Benni	Mike Boone	RB	16	1	1	3.3	3.3	3.3	25.0	1.7	15.0	0.0	0.132	1.0	0.062	16.26	20.33
2019	Benni	Jonathan Williams	RB	13	1	1	2.5	2.5	2.5	35.4	4.4	8.0	0.0	0.071	1.0	0.25	15.03	18.11
2019	Erik	Jimmy Graham	TE	6	1	1	1.7	1.7	1.7	57.8	3.9	15.0	0.0	0.029	1.0	0.688	14.88	12.31
2019	Simi	Jimmy Graham	TE	8	1	1	2.0	2.0	2.0	57.8	3.9	15.0	0.0	0.035	1.0	0.562	14.8	14.48
2019	Benni	Wayne Gallman	RB	5	1	1	1.4	1.4	1.4	37.2	3.7	10.0	0.0	0.038	1.0	0.75	14.78	16.25
2019	Benni	Curtis Samuel	WR	11	1	1	2.5	2.5	2.5	116.4	7.8	15.0	0.0	0.021	1.0	0.375	14.67	13.56
2019	Ritz	Chase Edmonds	RB	8	1	1	1.3	1.3	1.3	70.9	5.9	12.0	0.0	0.018	1.0	0.562	11.74	10.89
2019	Benni	DeAndre Washington	RB	15	1	1	2.2	2.2	2.2	72.7	4.8	15.0	0.0	0.03	1.0	0.125	11.46	13.06
2019	Marv	Josh Gordon	WR	11	2	1	1.0	1.0	1.0	47.7	4.3	11.0	0.0	0.021	0.5	0.375	6.57	6.57
2018	Tommy	Patrick Mahomes	QB	2	15	14	371.4	26.53	38.84	399.7	26.6	15.0	113.3	0.929	0.933	0.938	97.76	96.55
2018	Kessi	Jared Goff	QB	1	16	15	286.36	19.09	39.3	286.4	19.1	15.0	0.0	1.0	0.938	1.0	97.13	88.98
2018	Benni	James Conner	RB	1	15	12	215.6	17.97	33.2	215.3	17.9	12.0	71.6	1.0	0.8	1.0	94.89	97.82
2018	Simi	Matt Ryan	QB	4	13	12	245.96	20.5	29.26	325.6	21.7	15.0	39.2	0.755	0.923	0.812	91.62	82.63
2018	Juschka	Adrian Peterson	RB	1	16	15	169.0	11.27	25.6	169.0	11.3	15.0	25.3	1.0	0.938	1.0	90.58	90.87
2018	Erik	Phillip Lindsay	RB	2	15	14	171.6	12.26	27.9	187.8	12.5	15.0	44.1	0.914	0.933	0.938	89.64	91.58
2018	Marv	Philip Rivers	QB	4	13	12	209.24	17.44	23.96	278.0	18.5	15.0	0.0	0.753	0.923	0.812	89.14	73.32
2018	Marv	James White	RB	1	9	9	136.6	15.18	23.2	176.7	11.8	15.0	33.0	0.773	1.0	1.0	88.93	89.83
2018	Kessi	Chris Carson	RB	4	13	10	135.8	13.58	23.6	162.5	12.5	13.0	18.8	0.836	0.769	0.812	85.39	85.68
2018	Marv	Tyler Lockett	WR	4	13	12	114.4	9.53	16.5	152.5	10.2	15.0	25.3	0.75	0.923	0.812	81.65	92.17
2018	Marv	Matt Breida	RB	3	14	12	108.5	9.04	25.2	135.5	9.7	14.0	0.0	0.801	0.857	0.875	81.27	78.87
2018	Erik	Tyler Boyd	WR	4	13	11	107.7	9.79	19.6	145.1	10.4	14.0	17.9	0.742	0.846	0.812	80.26	90.3
2018	Juschka	Jared Cook	TE	2	15	14	104.8	7.49	23.0	122.8	8.2	15.0	37.5	0.853	0.933	0.938	80.17	90.96
2018	Tommy	T.J. Yeldon	RB	2	10	9	92.6	10.29	20.0	118.1	8.4	14.0	0.0	0.784	0.9	0.938	79.75	76.82
2018	Benni	George Kittle	TE	6	11	10	101.9	10.19	27.0	149.8	10.0	15.0	64.5	0.68	0.909	0.688	77.74	86.33
2018	Simi	Aaron Jones	RB	10	7	6	95.4	15.9	29.2	145.4	12.1	12.0	1.7	0.656	0.857	0.438	76.84	76.45
2018	Simi	Tarik Cohen	RB	7	10	10	100.84	10.08	22.64	153.7	10.2	15.0	10.0	0.656	1.0	0.625	76.42	74.62
2018	Simi	Kirk Cousins	QB	1	3	3	63.9	21.3	33.5	272.1	18.1	15.0	0.0	0.235	1.0	1.0	75.97	64.24
2018	Marv	Jameis Winston	QB	6	3	3	59.64	19.88	30.7	165.7	16.6	10.0	0.0	0.36	1.0	0.688	73.28	56.57
2018	Ritz	Kirk Cousins	QB	5	5	5	75.82	15.16	20.66	272.1	18.1	15.0	0.0	0.279	1.0	0.75	72.13	53.11
2018	Marv	Mitchell Trubisky	QB	9	8	6	94.74	15.79	36.0	252.9	19.5	13.0	0.0	0.375	0.75	0.5	71.93	55.8
2018	Juschka	Calvin Ridley	WR	4	13	12	87.4	7.28	17.5	133.6	8.9	15.0	6.4	0.654	0.923	0.812	71.88	82.55
2018	Juschka	Eric Ebron	TE	7	10	8	75.7	9.46	25.1	144.2	9.6	15.0	58.9	0.525	0.8	0.625	69.46	78.71
2018	Simi	Latavius Murray	RB	3	7	6	53.9	8.98	20.3	108.1	7.2	15.0	0.0	0.499	0.857	0.875	69.3	67.87
2018	Tommy	Gus Edwards	RB	12	5	5	53.6	10.72	16.4	80.2	8.0	10.0	0.0	0.668	1.0	0.312	68.58	66.96
2018	Tommy	Damien Williams	RB	15	2	2	42.3	21.15	24.3	63.7	4.2	15.0	0.0	0.664	1.0	0.125	67.88	66.5
2018	Simi	O.J. Howard	TE	7	5	5	46.1	9.22	17.3	86.5	8.7	10.0	1.2	0.533	1.0	0.625	65.91	75.72
2018	Juschka	Will Fuller	WR	4	5	5	40.9	8.18	18.4	74.3	10.6	7.0	0.0	0.55	1.0	0.812	64.48	76.37
2018	Marv	Javorius Allen	RB	2	4	4	35.5	8.88	14.6	58.6	4.2	14.0	0.0	0.606	1.0	0.938	64.25	58.47
2018	Benni	Josh Allen	QB	14	3	3	49.78	16.59	19.76	167.6	15.2	11.0	0.0	0.297	1.0	0.188	64.0	41.33
2018	Ritz	Jaylen Samuels	RB	14	3	3	38.8	12.93	17.2	59.3	4.6	13.0	0.0	0.654	1.0	0.188	62.91	61.1
2018	Benni	Baker Mayfield	QB	6	2	2	37.28	18.64	24.96	219.1	16.9	13.0	0.0	0.17	1.0	0.688	62.21	43.72
2018	Erik	Kenny Golladay	WR	11	6	6	52.2	8.7	17.3	137.1	9.1	15.0	9.9	0.381	1.0	0.375	61.69	74.92
2018	Benni	Giovani Bernard	RB	4	1	1	21.6	21.6	21.6	59.4	5.4	11.0	0.0	0.364	1.0	0.812	61.25	57.7
2018	Simi	DeSean Jackson	WR	6	6	6	44.6	7.43	13.2	110.3	9.2	12.0	0.0	0.404	1.0	0.688	60.83	74.3
2018	Juschka	Austin Ekeler	RB	9	8	6	48.2	8.03	16.3	118.0	9.1	13.0	0.0	0.408	0.75	0.5	60.54	58.11
2018	Tommy	Peyton Barber	RB	12	5	5	45.7	9.14	14.9	123.5	8.2	15.0	0.0	0.37	1.0	0.312	59.56	57.79
2018	Tommy	Eric Ebron	TE	5	1	1	22.5	22.5	22.5	144.2	9.6	15.0	58.9	0.156	1.0	0.75	58.84	67.19
2018	Juschka	Andy Dalton	QB	5	2	2	30.08	15.04	17.16	174.5	15.9	11.0	0.0	0.172	1.0	0.75	58.64	32.22
2018	Juschka	Ryan Fitzpatrick	QB	3	2	2	28.18	14.09	25.14	165.8	20.7	8.0	0.0	0.17	1.0	0.875	58.52	28.44
2018	Simi	Josh Adams	RB	12	5	5	37.4	7.48	16.4	66.6	4.4	15.0	0.0	0.562	1.0	0.312	56.88	50.67
2018	Benni	Kirk Cousins	QB	12	1	1	27.38	27.38	27.38	272.1	18.1	15.0	0.0	0.101	1.0	0.312	55.75	36.78
2018	Erik	Aaron Jones	RB	3	4	4	28.9	7.22	14.2	145.4	12.1	12.0	1.7	0.199	1.0	0.875	53.07	47.32
2018	Kessi	James White	RB	10	7	6	40.1	6.68	11.8	176.7	11.8	15.0	33.0	0.227	0.857	0.438	52.18	47.36
2018	Benni	Spencer Ware	RB	13	4	2	24.1	12.05	12.9	59.0	4.5	13.0	0.0	0.408	0.5	0.25	51.12	47.88
2018	Erik	David Njoku	TE	12	5	5	32.9	6.58	13.3	81.7	5.4	15.0	0.0	0.403	1.0	0.312	50.72	61.22
2018	Kessi	Austin Hooper	TE	10	7	6	35.1	5.85	11.6	85.3	5.7	15.0	0.0	0.411	0.857	0.438	49.94	62.48
2018	Marv	Justin Jackson	RB	14	3	3	22.6	7.53	14.5	45.1	3.8	12.0	0.0	0.501	1.0	0.188	49.84	43.81
2018	Benni	Robbie Chosen	WR	16	1	1	20.0	20.0	20.0	104.0	8.0	13.0	0.0	0.192	1.0	0.062	49.17	64.86
2018	Benni	Corey Clement	RB	6	1	1	12.9	12.9	12.9	59.1	5.4	11.0	0.0	0.218	1.0	0.688	48.93	45.74
2018	Benni	Lamar Jackson	QB	13	1	1	16.5	16.5	16.5	131.4	8.8	15.0	0.0	0.126	1.0	0.25	46.83	20.1
2018	Kessi	Wendell Smallwood	RB	6	4	3	21.4	7.13	12.6	81.7	5.4	15.0	0.0	0.262	0.75	0.688	46.0	38.68
2018	Marv	Kyle Rudolph	TE	4	6	6	21.8	3.63	5.7	85.5	5.7	15.0	0.2	0.255	1.0	0.812	44.39	51.06
2018	Kessi	Kenny Stills	WR	2	4	4	19.5	4.87	12.1	90.6	6.5	14.0	0.0	0.215	1.0	0.938	43.94	59.88
2018	Simi	Will Dissly	TE	2	2	2	10.6	5.3	10.2	27.6	6.9	4.0	0.0	0.384	1.0	0.938	42.92	47.79
2018	Benni	David Njoku	TE	7	2	1	11.2	11.2	11.2	81.7	5.4	15.0	0.0	0.137	0.5	0.625	42.58	53.16
2018	Benni	Peyton Barber	RB	1	3	3	13.1	4.37	6.9	123.5	8.2	15.0	0.0	0.106	1.0	1.0	41.03	36.3
2018	Tommy	Corey Clement	RB	3	1	1	7.5	7.5	7.5	59.1	5.4	11.0	0.0	0.127	1.0	0.875	39.77	35.66
2018	Benni	Jack Doyle	TE	11	2	2	11.9	5.95	7.6	34.5	5.8	6.0	0.0	0.345	1.0	0.375	38.7	50.98
2018	Benni	Tyrell Williams	WR	8	3	2	12.9	6.45	8.3	94.5	6.3	15.0	0.0	0.137	0.667	0.562	38.23	54.19
2018	Marv	Jeremy Hill	RB	1	1	1	3.1	3.1	3.1	3.1	3.1	1.0	0.0	1.0	1.0	1.0	38.22	36.18
2018	Ritz	Courtland Sutton	WR	14	3	3	18.0	6.0	12.5	91.8	6.1	15.0	0.0	0.196	1.0	0.188	37.82	52.55
2018	Erik	Geronimo Allison	WR	2	1	1	6.4	6.4	6.4	42.3	8.5	5.0	0.0	0.151	1.0	0.938	36.42	49.83
2018	Tommy	John Ross	WR	1	1	1	6.3	6.3	6.3	63.8	5.3	12.0	0.0	0.099	1.0	1.0	35.48	46.49
2018	Ritz	Jordan Reed	TE	2	3	2	10.0	5.0	6.5	65.8	5.1	13.0	0.0	0.152	0.667	0.938	35.44	38.52
2018	Tommy	O.J. Howard	TE	3	2	1	7.2	7.2	7.2	86.5	8.7	10.0	1.2	0.083	0.5	0.875	34.72	40.14
2018	Benni	Chris Carson	RB	1	2	2	8.3	4.15	5.9	162.5	12.5	13.0	18.8	0.051	1.0	1.0	34.43	31.94
2018	Tommy	Kenny Golladay	WR	7	3	3	10.3	3.43	5.4	137.1	9.1	15.0	9.9	0.075	1.0	0.625	31.93	44.19
2018	Simi	Austin Ekeler	RB	6	1	1	6.0	6.0	6.0	118.0	9.1	13.0	0.0	0.051	1.0	0.688	29.87	26.17
2018	Erik	Matt Breida	RB	1	1	1	5.1	5.1	5.1	135.5	9.7	14.0	0.0	0.038	1.0	1.0	29.57	27.04
2018	Marv	John Brown	WR	5	1	1	5.8	5.8	5.8	101.2	6.7	15.0	0.0	0.057	1.0	0.75	29.36	39.26
2018	Simi	Adam Humphries	WR	15	2	2	10.2	5.1	7.9	106.1	7.1	15.0	0.0	0.096	1.0	0.125	29.13	41.78
2018	Benni	T.J. Yeldon	RB	13	1	1	6.5	6.5	6.5	118.1	8.4	14.0	0.0	0.055	1.0	0.25	29.1	23.91
2018	Tommy	John Brown	WR	8	5	4	9.1	2.27	2.8	101.2	6.7	15.0	0.0	0.09	0.8	0.562	27.53	36.42
2018	Erik	Keelan Cole	WR	3	1	1	4.0	4.0	4.0	46.6	3.1	15.0	0.0	0.086	1.0	0.875	26.82	33.68
2018	Ritz	David Njoku	TE	9	1	1	5.3	5.3	5.3	81.7	5.4	15.0	0.0	0.065	1.0	0.5	26.2	30.98
2018	Ritz	DeSean Jackson	WR	3	1	1	3.7	3.7	3.7	110.3	9.2	12.0	0.0	0.034	1.0	0.875	25.26	29.71
2018	Benni	Dak Prescott	QB	15	1	1	6.24	6.24	6.24	252.4	16.8	15.0	0.0	0.025	1.0	0.125	24.85	6.62
2018	Benni	Nelson Agholor	WR	3	2	2	4.6	2.3	2.4	85.4	5.7	15.0	0.0	0.054	1.0	0.875	24.67	31.83
2018	Tommy	Albert Wilson	WR	7	1	1	3.6	3.6	3.6	70.8	10.1	7.0	0.0	0.051	1.0	0.625	22.02	24.29
2018	Tommy	Nyheim Hines	RB	6	1	1	3.5	3.5	3.5	95.0	6.3	15.0	0.0	0.037	1.0	0.688	21.66	20.67
2018	Tommy	George Kittle	TE	2	1	1	2.2	2.2	2.2	149.8	10.0	15.0	64.5	0.015	1.0	0.938	18.72	22.84
2018	Ritz	Alfred Morris	RB	1	1	1	1.8	1.8	1.8	42.6	3.9	11.0	0.0	0.042	1.0	1.0	17.41	15.63
2018	Simi	Vance McDonald	TE	12	1	1	2.7	2.7	2.7	79.1	5.7	14.0	0.0	0.034	1.0	0.312	16.07	20.98
2018	Benni	Jordan Reed	TE	5	1	1	2.1	2.1	2.1	65.8	5.1	13.0	0.0	0.032	1.0	0.75	15.54	12.98
2018	Kessi	Mike Davis	RB	6	2	1	2.6	2.6	2.6	91.2	6.5	14.0	0.0	0.029	0.5	0.688	15.15	11.87
2018	Ritz	Mike Williams	WR	4	1	1	1.5	1.5	1.5	125.8	8.4	15.0	0.0	0.012	1.0	0.812	14.3	17.39
2018	Benni	Jeffery Wilson	RB	15	1	1	2.6	2.6	2.6	31.5	6.3	5.0	0.0	0.083	1.0	0.125	14.16	11.61
2018	Juschka	Tre'Quan Smith	WR	12	5	2	2.6	1.3	1.5	63.7	4.6	14.0	0.0	0.041	0.4	0.312	9.85	11.19
2018	Simi	Jordan Reed	TE	13	2	1	2.1	2.1	2.1	65.8	5.1	13.0	0.0	0.032	0.5	0.25	8.81	9.6
2018	Tommy	Mike Williams	WR	16	1	1	1.1	1.1	1.1	125.8	8.4	15.0	0.0	0.009	1.0	0.062	5.76	5.76
2017	Kessi	Deshaun Watson	QB	4	5	4	125.34	31.33	35.54	168.9	24.1	7.0	0.0	0.742	0.8	0.812	91.48	86.11
2017	Tommy	Dak Prescott	QB	4	13	12	191.94	16.0	29.96	247.9	16.5	15.0	0.0	0.774	0.923	0.812	91.25	79.58
2017	Juschka	Alex Smith	QB	5	12	11	205.6	18.69	37.64	295.2	19.7	15.0	46.6	0.696	0.917	0.75	91.11	85.86
2017	Tommy	Chris Thompson	RB	2	10	9	100.8	11.2	24.8	112.4	11.2	10.0	0.0	0.897	0.9	0.938	88.22	91.66
2017	Erik	Carson Wentz	QB	7	8	7	161.08	23.01	31.02	281.7	21.7	13.0	33.1	0.572	0.875	0.625	87.61	80.63
2017	Marv	Alvin Kamara	RB	9	7	7	137.6	19.66	30.8	214.6	14.3	15.0	82.3	0.641	1.0	0.5	87.23	89.61
2017	Marv	Adam Thielen	WR	4	13	12	114.7	9.56	22.6	142.6	9.5	15.0	25.4	0.804	0.923	0.812	85.68	91.05
2017	Kessi	Kenyan Drake	RB	10	6	6	82.0	13.67	20.1	101.3	6.8	15.0	0.0	0.809	1.0	0.438	81.87	87.19
2017	Tommy	Jimmy Garoppolo	QB	13	4	4	66.2	16.55	21.98	71.3	14.3	5.0	0.0	0.928	1.0	0.25	80.09	60.94
2017	Kessi	Kirk Cousins	QB	11	6	6	102.14	17.02	25.98	270.1	18.0	15.0	21.5	0.378	1.0	0.375	79.64	64.42
2017	Benni	Ben Roethlisberger	QB	12	4	4	94.46	23.61	30.54	260.7	17.4	15.0	12.1	0.362	1.0	0.312	79.48	68.79
2017	Marv	Marvin Jones	WR	9	8	8	91.2	11.4	22.9	150.0	10.0	15.0	32.8	0.608	1.0	0.5	79.47	85.68
2017	Tommy	Nelson Agholor	WR	6	11	10	85.1	8.51	20.1	123.7	8.2	15.0	6.5	0.688	0.909	0.688	78.47	82.99
2017	Benni	Zach Ertz	TE	3	6	6	67.8	11.3	14.9	126.0	9.7	13.0	43.7	0.538	1.0	0.875	78.01	89.82
2017	Marv	Philip Rivers	QB	12	5	5	89.86	17.97	28.86	242.4	16.2	15.0	0.0	0.371	1.0	0.312	77.49	60.83
2017	Benni	Dion Lewis	RB	8	6	6	73.9	12.32	27.3	139.7	9.3	15.0	7.4	0.529	1.0	0.562	76.43	79.37
2017	Juschka	Jerick McKinnon	RB	7	10	9	77.6	8.62	20.2	122.7	8.2	15.0	0.0	0.632	0.9	0.625	76.42	79.69
2017	Kessi	Matthew Stafford	QB	11	6	6	87.58	14.6	18.26	246.5	16.4	15.0	0.0	0.355	1.0	0.375	76.02	52.17
2017	Kessi	Tarik Cohen	RB	2	14	13	69.04	5.31	11.9	88.4	5.9	15.0	0.0	0.781	0.929	0.938	75.03	76.01
2017	Erik	Alex Collins	RB	12	5	5	67.9	13.58	22.6	132.4	9.5	14.0	0.1	0.513	1.0	0.312	74.22	75.54
2017	Erik	Matthew Stafford	QB	3	4	4	56.56	14.14	16.46	246.5	16.4	15.0	0.0	0.229	1.0	0.875	74.09	49.57
2017	Erik	Devin Funchess	WR	9	8	7	67.5	9.64	21.2	121.2	8.1	15.0	4.0	0.557	0.875	0.5	72.6	79.92
2017	Erik	Alfred Morris	RB	6	10	9	56.4	6.27	18.7	65.1	5.0	13.0	0.0	0.866	0.9	0.688	72.07	74.64
2017	Juschka	Cameron Brate	TE	5	12	12	65.7	5.48	15.9	91.4	6.1	15.0	9.1	0.719	1.0	0.75	70.9	79.78
2017	Benni	Robbie Chosen	WR	10	5	4	55.2	13.8	26.6	136.7	9.1	15.0	19.5	0.404	0.8	0.438	69.84	78.19
2017	Benni	DeVante Parker	WR	1	9	8	46.9	5.86	13.6	66.6	5.6	12.0	0.0	0.704	0.889	1.0	69.78	74.38
2017	Ritz	Will Fuller	WR	6	4	3	39.9	13.3	24.5	83.5	9.3	9.0	0.0	0.478	0.75	0.688	69.39	74.67
2017	Benni	Jared Goff	QB	10	3	3	51.3	17.1	26.5	255.3	17.0	15.0	6.7	0.201	1.0	0.438	68.94	49.06
2017	Erik	Evan Engram	TE	7	8	8	56.4	7.05	15.9	109.6	7.3	15.0	27.3	0.515	1.0	0.625	68.89	76.98
2017	Tommy	Jamaal Williams	RB	13	4	4	50.9	12.72	23.8	106.5	7.1	15.0	0.0	0.478	1.0	0.25	67.94	71.16
2017	Benni	Rex Burkhead	RB	13	3	3	41.3	13.77	22.3	99.8	10.0	10.0	0.0	0.414	1.0	0.25	66.72	70.47
2017	Benni	Chris Hogan	WR	4	10	5	40.4	8.08	13.4	75.6	8.4	9.0	0.0	0.534	0.5	0.812	66.24	70.82
2017	Marv	Terrance West	RB	1	4	4	24.4	6.1	14.0	26.1	5.2	5.0	0.0	0.935	1.0	1.0	65.31	66.05
2017	Kessi	Damien Williams	RB	9	5	4	31.4	7.85	12.1	39.6	3.6	11.0	0.0	0.793	0.8	0.5	64.79	65.22
2017	Juschka	JuJu Smith-Schuster	WR	10	7	5	47.0	9.4	15.7	113.4	8.7	13.0	0.0	0.414	0.714	0.438	64.69	71.97
2017	Marv	Kirk Cousins	QB	6	1	1	27.8	27.8	27.8	270.1	18.0	15.0	21.5	0.103	1.0	0.688	63.34	53.9
2017	Erik	Orleans Darkwa	RB	10	4	4	38.8	9.7	15.0	97.3	7.0	14.0	0.0	0.399	1.0	0.438	63.33	66.45
2017	Erik	Giovani Bernard	RB	15	2	2	33.1	16.55	22.8	101.7	6.8	15.0	0.0	0.325	1.0	0.125	62.89	65.72
2017	Marv	Carson Wentz	QB	5	1	1	27.26	27.26	27.26	281.7	21.7	13.0	33.1	0.097	1.0	0.75	62.8	51.1
2017	Benni	Josh Gordon	WR	12	5	4	28.0	7.0	12.9	28.0	7.0	4.0	0.0	1.0	0.8	0.312	62.56	65.25
2017	Benni	Alvin Kamara	RB	6	3	3	33.0	11.0	13.6	214.6	14.3	15.0	82.3	0.154	1.0	0.688	61.62	63.11
2017	Tommy	Rishard Matthews	WR	1	6	4	31.0	7.75	14.7	102.5	7.9	13.0	0.0	0.302	0.667	1.0	60.52	63.18
2017	Kessi	Tyrod Taylor	QB	9	2	2	29.84	14.92	26.9	207.0	14.8	14.0	0.0	0.144	1.0	0.5	60.12	41.68
2017	Erik	Chris Carson	RB	3	2	2	17.8	8.9	11.2	32.7	8.2	4.0	0.0	0.544	1.0	0.875	59.26	62.99
2017	Marv	Zach Ertz	TE	9	8	5	39.2	7.84	16.3	126.0	9.7	13.0	43.7	0.311	0.625	0.5	59.16	72.29
2017	Ritz	Matthew Stafford	QB	9	1	1	22.44	22.44	22.44	246.5	16.4	15.0	0.0	0.091	1.0	0.5	57.91	43.27
2017	Benni	Jameis Winston	QB	5	1	1	18.46	18.46	18.46	177.9	14.8	12.0	0.0	0.104	1.0	0.75	57.69	38.35
2017	Marv	Andy Dalton	QB	8	1	1	18.72	18.72	18.72	190.0	12.7	15.0	0.0	0.099	1.0	0.562	56.97	40.68
2017	Simi	Paul Richardson	WR	9	8	8	38.9	4.86	13.2	106.3	7.1	15.0	0.0	0.366	1.0	0.5	56.64	58.93
2017	Benni	Sterling Shepard	WR	8	8	5	32.0	6.4	14.2	85.5	7.8	11.0	0.0	0.374	0.625	0.562	56.57	58.73
2017	Erik	Ben Roethlisberger	QB	1	1	1	15.72	15.72	15.72	260.7	17.4	15.0	12.1	0.06	1.0	1.0	56.52	32.09
2017	Ritz	Hunter Henry	TE	7	5	5	30.3	6.06	11.0	81.9	5.9	14.0	0.0	0.37	1.0	0.625	56.0	67.8
2017	Benni	Jacquizz Rodgers	RB	2	1	1	12.7	12.7	12.7	35.8	2.4	15.0	0.0	0.355	1.0	0.938	55.99	59.43
2017	Kessi	Javorius Allen	RB	6	6	5	31.4	6.28	12.5	116.4	7.8	15.0	0.0	0.27	0.833	0.688	55.89	56.45
2017	Tommy	Andre Ellington	RB	4	3	2	16.7	8.35	10.4	48.4	4.4	11.0	0.0	0.345	0.667	0.812	52.82	55.28
2017	Erik	Ted Ginn Jr.	WR	8	2	2	18.7	9.35	11.9	103.1	7.4	14.0	0.0	0.181	1.0	0.562	51.74	53.34
2017	Kessi	Austin Ekeler	RB	11	5	5	27.6	5.52	11.8	79.9	5.3	15.0	0.0	0.345	1.0	0.375	50.83	51.76
2017	Erik	Jameis Winston	QB	2	1	1	12.46	12.46	12.46	177.9	14.8	12.0	0.0	0.07	1.0	0.938	50.47	25.43
2017	Tommy	Cooper Kupp	WR	5	3	3	19.0	6.33	12.5	114.9	7.7	15.0	0.0	0.165	1.0	0.75	50.37	50.91
2017	Ritz	Vernon Davis	TE	9	4	3	21.5	7.17	7.6	76.8	5.1	15.0	0.0	0.28	0.75	0.5	50.21	64.45
2017	Tommy	Danny Amendola	WR	6	6	5	23.3	4.66	12.6	73.6	5.3	14.0	0.0	0.317	0.833	0.688	49.69	50.8
2017	Tommy	Marqise Lee	WR	11	6	4	26.9	6.72	14.6	91.9	6.6	14.0	0.0	0.293	0.667	0.375	49.62	51.79
2017	Tommy	Jared Cook	TE	9	1	1	12.6	12.6	12.6	75.3	5.0	15.0	0.0	0.167	1.0	0.5	48.17	61.51
2017	Simi	Evan Engram	TE	8	2	1	13.0	13.0	13.0	109.6	7.3	15.0	27.3	0.119	0.5	0.562	48.05	62.41
2017	Erik	Marvin Jones	WR	7	2	1	12.8	12.8	12.8	150.0	10.0	15.0	32.8	0.085	0.5	0.625	47.1	50.65
2017	Marv	Jacquizz Rodgers	RB	3	2	2	12.3	6.15	10.8	35.8	2.4	15.0	0.0	0.344	1.0	0.875	46.96	49.72
2017	Benni	Chris Ivory	RB	7	2	2	12.9	6.45	8.7	63.7	4.6	14.0	0.0	0.203	1.0	0.625	45.62	49.97
2017	Ritz	Ryan Griffin	TE	6	1	1	7.2	7.2	7.2	23.8	3.4	7.0	0.0	0.303	1.0	0.688	41.91	51.43
2017	Marv	Jason Witten	TE	14	3	3	16.6	5.53	8.0	82.3	5.5	15.0	0.0	0.202	1.0	0.188	41.24	54.91
2017	Erik	Robert Woods	WR	15	2	2	13.8	6.9	10.5	107.3	8.9	12.0	0.0	0.129	1.0	0.125	40.93	42.87
2017	Kessi	Rex Burkhead	RB	8	1	1	8.3	8.3	8.3	99.8	10.0	10.0	0.0	0.083	1.0	0.562	40.8	43.22
2017	Marv	Austin Seferian-Jenkins	TE	7	2	2	10.9	5.45	8.1	51.7	4.0	13.0	0.0	0.211	1.0	0.625	40.61	49.92
2017	Benni	Keelan Cole	WR	16	1	1	10.8	10.8	10.8	89.5	6.0	15.0	0.0	0.121	1.0	0.062	39.65	43.69
2017	Marv	Blake Bortles	QB	11	1	1	8.56	8.56	8.56	246.5	16.4	15.0	0.0	0.035	1.0	0.375	39.19	15.94
2017	Erik	Rishard Matthews	WR	6	2	2	10.9	5.45	6.9	102.5	7.9	13.0	0.0	0.106	1.0	0.688	39.05	41.91
2017	Benni	Robert Woods	WR	11	1	1	8.1	8.1	8.1	107.3	8.9	12.0	0.0	0.075	1.0	0.375	38.19	40.81
2017	Benni	Tyler Kroft	TE	11	1	1	7.2	7.2	7.2	65.1	4.3	15.0	0.0	0.111	1.0	0.375	36.96	51.42
2017	Kessi	Jamaal Charles	RB	4	4	3	9.0	3.0	4.7	44.5	3.2	14.0	0.0	0.202	0.75	0.812	36.58	38.41
2017	Marv	Julius Thomas	TE	10	1	1	6.8	6.8	6.8	56.8	4.1	14.0	0.0	0.12	1.0	0.438	34.9	40.68
2017	Marv	Devin Funchess	WR	6	2	2	7.7	3.85	4.1	121.2	8.1	15.0	4.0	0.064	1.0	0.688	34.34	34.72
2017	Ritz	Javorius Allen	RB	3	2	2	7.2	3.6	4.4	116.4	7.8	15.0	0.0	0.062	1.0	0.875	33.71	36.57
2017	Kessi	Alex Collins	RB	5	1	1	5.5	5.5	5.5	132.4	9.5	14.0	0.1	0.042	1.0	0.75	33.48	35.56
2017	Benni	Jack Doyle	TE	9	2	2	7.2	3.6	6.3	79.2	5.7	14.0	0.0	0.091	1.0	0.5	31.45	38.87
2017	Erik	Peyton Barber	RB	14	1	1	6.3	6.3	6.3	54.8	3.7	15.0	0.0	0.115	1.0	0.188	30.99	35.63
2017	Benni	Aaron Jones	RB	6	1	1	4.2	4.2	4.2	71.0	5.9	12.0	0.0	0.059	1.0	0.688	29.76	30.87
2017	Simi	Jason Witten	TE	3	3	3	5.3	1.77	4.1	82.3	5.5	15.0	0.0	0.064	1.0	0.875	29.49	31.71
2017	Marv	Coby Fleener	TE	9	1	1	4.6	4.6	4.6	41.5	3.8	11.0	0.0	0.111	1.0	0.5	29.28	31.16
2017	Benni	Alex Collins	RB	9	1	1	4.6	4.6	4.6	132.4	9.5	14.0	0.1	0.035	1.0	0.5	28.76	30.53
2017	Tommy	John Ross	WR	1	2	1	-0.8	-0.8	-0.8	-0.8	-0.3	3.0	0.0	1.0	0.5	1.0	27.5	27.5
2017	Erik	Cooper Kupp	WR	2	1	1	3.3	3.3	3.3	114.9	7.7	15.0	0.0	0.029	1.0	0.938	27.29	34.5
2017	Juschka	Coby Fleener	TE	3	4	2	4.2	2.1	2.1	41.5	3.8	11.0	0.0	0.101	0.5	0.875	26.13	25.77
2017	Simi	Jalen Richard	RB	3	2	2	3.5	1.75	2.7	58.5	3.9	15.0	0.0	0.06	1.0	0.875	25.71	24.92
2017	Ritz	Charles Clay	TE	5	1	1	3.1	3.1	3.1	61.4	5.1	12.0	0.0	0.05	1.0	0.75	24.49	22.25
2017	Erik	Rex Burkhead	RB	11	1	1	3.7	3.7	3.7	99.8	10.0	10.0	0.0	0.037	1.0	0.375	24.44	23.63
2017	Benni	Mike Davis	RB	15	1	1	3.9	3.9	3.9	30.7	6.1	5.0	0.0	0.127	1.0	0.125	24.08	24.37
2017	Simi	Jared Cook	TE	11	1	1	3.6	3.6	3.6	75.3	5.0	15.0	0.0	0.048	1.0	0.375	23.98	22.97
2017	Erik	Randall Cobb	WR	5	1	1	2.9	2.9	2.9	80.1	5.7	14.0	0.0	0.036	1.0	0.75	23.48	30.54
2017	Kessi	Jameis Winston	QB	9	1	1	3.48	3.48	3.48	177.9	14.8	12.0	0.0	0.02	1.0	0.5	23.4	13.63
2017	Benni	T.J. Yeldon	RB	9	1	1	3.2	3.2	3.2	57.4	6.4	9.0	0.0	0.056	1.0	0.5	22.7	21.38
2017	Ritz	Adam Thielen	WR	2	1	1	2.4	2.4	2.4	142.6	9.5	15.0	25.4	0.017	1.0	0.938	22.6	25.57
2017	Erik	Kerwynn Williams	RB	2	1	1	2.2	2.2	2.2	49.8	3.3	15.0	0.0	0.044	1.0	0.938	22.39	23.15
2017	Kessi	Carson Palmer	QB	7	1	1	2.88	2.88	2.88	102.3	14.6	7.0	0.0	0.028	1.0	0.625	21.49	11.67
2017	Erik	Marqise Lee	WR	4	1	1	1.8	1.8	1.8	91.9	6.6	14.0	0.0	0.02	1.0	0.812	19.97	22.17
2017	Kessi	Kenny Stills	WR	9	1	1	2.8	2.8	2.8	113.3	7.6	15.0	0.0	0.025	1.0	0.5	19.58	25.69
2017	Simi	Austin Hooper	TE	2	1	1	0.7	0.7	0.7	67.1	4.5	15.0	0.0	0.01	1.0	0.938	16.39	14.53
2017	Benni	Mike Williams	WR	6	2	1	1.5	1.5	1.5	8.7	1.0	9.0	0.0	0.172	0.5	0.688	16.3	16.34
2017	Marv	Thomas Rawls	RB	2	1	1	0.4	0.4	0.4	20.3	1.8	11.0	0.0	0.02	1.0	0.938	15.92	16.57
2017	Erik	Mohamed Sanu	WR	15	1	1	2.6	2.6	2.6	100.2	7.2	14.0	0.0	0.026	1.0	0.125	15.22	19.77
2017	Tommy	Will Fuller	WR	10	1	1	1.5	1.5	1.5	83.5	9.3	9.0	0.0	0.018	1.0	0.438	14.61	16.21
2017	Kessi	DeAndre Washington	RB	9	1	1	1.4	1.4	1.4	50.7	3.6	14.0	0.0	0.028	1.0	0.5	14.14	16.1
2017	Kessi	Jermaine Kearse	WR	8	1	1	1.4	1.4	1.4	105.1	7.0	15.0	0.0	0.013	1.0	0.562	13.91	13.0
2017	Kessi	Jamaal Williams	RB	5	1	1	0.1	0.1	0.1	106.5	7.1	15.0	0.0	0.001	1.0	0.75	13.13	12.52
2017	Erik	Aaron Jones	RB	8	2	1	1.1	1.1	1.1	71.0	5.9	12.0	0.0	0.015	0.5	0.562	10.82	12.13
2017	Tommy	Stephen Anderson	TE	14	3	1	1.6	1.6	1.6	39.8	2.8	14.0	0.0	0.04	0.333	0.188	9.72	7.65
2016	Tommy	Matt Ryan	QB	3	14	13	265.82	20.45	35.52	318.0	21.2	15.0	58.1	0.836	0.929	0.875	95.53	93.71
2016	Kessi	Jordan Howard	RB	5	12	11	162.1	14.74	29.7	187.6	13.4	14.0	40.1	0.864	0.917	0.75	91.58	92.82
2016	Marv	Marcus Mariota	QB	6	11	10	183.22	18.32	27.8	259.9	17.3	15.0	0.0	0.705	0.909	0.688	90.47	77.56
2016	Kessi	Spencer Ware	RB	3	14	12	126.4	10.53	22.3	160.8	11.5	14.0	13.3	0.786	0.857	0.875	86.87	86.49
2016	Simi	Dak Prescott	QB	9	8	8	151.08	18.89	25.64	284.5	19.0	15.0	24.6	0.531	1.0	0.5	85.82	72.41
2016	Marv	LeGarrette Blount	RB	7	10	9	134.5	14.94	25.4	214.8	14.3	15.0	67.3	0.626	0.9	0.625	85.34	87.08
2016	Juschka	Matthew Stafford	QB	7	10	9	136.58	15.18	23.84	259.9	17.3	15.0	0.0	0.526	0.9	0.625	84.97	58.64
2016	Marv	Michael Thomas	WR	6	11	9	107.2	11.91	22.8	142.1	10.2	14.0	15.1	0.754	0.818	0.688	84.93	92.28
2016	Tommy	Isaiah Crowell	RB	3	14	13	115.7	8.9	20.2	150.3	10.0	15.0	2.8	0.77	0.929	0.875	84.64	81.33
2016	Tommy	Tevin Coleman	RB	4	13	9	96.5	10.72	22.3	148.2	12.4	12.0	0.7	0.651	0.692	0.812	81.75	80.79
2016	Erik	LeGarrette Blount	RB	1	6	6	80.3	13.38	22.5	214.8	14.3	15.0	67.3	0.374	1.0	1.0	80.61	80.33
2016	Simi	Theo Riddick	RB	3	14	8	79.5	9.94	20.2	108.8	10.9	10.0	0.0	0.731	0.571	0.875	79.41	77.57
2016	Ritz	Mike Wallace	WR	3	14	13	95.2	7.32	18.4	127.5	8.5	15.0	0.5	0.747	0.929	0.875	79.19	86.07
2016	Tommy	Tyrod Taylor	QB	11	6	6	103.96	17.33	31.16	270.9	18.1	15.0	11.0	0.384	1.0	0.375	78.69	51.18
2016	Benni	Terrelle Pryor	WR	4	12	11	89.54	8.14	19.84	127.0	8.5	15.0	0.0	0.705	0.917	0.812	78.48	84.75
2016	Ritz	Davante Adams	WR	8	9	9	91.6	10.18	23.3	154.6	10.3	15.0	27.6	0.592	1.0	0.562	78.28	83.62
2016	Juschka	Tim Hightower	RB	9	8	8	76.4	9.55	16.8	95.9	6.4	15.0	0.0	0.797	1.0	0.5	77.57	73.62
2016	Ritz	Christine Michael	RB	4	12	11	76.6	6.96	20.3	113.4	8.1	14.0	0.0	0.675	0.917	0.812	74.05	69.77
2016	Marv	Stefon Diggs	WR	1	5	4	43.0	10.75	24.2	109.3	8.4	13.0	0.0	0.393	0.8	1.0	72.34	74.9
2016	Erik	Stefon Diggs	WR	8	9	8	64.5	8.06	16.4	109.3	8.4	13.0	0.0	0.59	0.889	0.562	71.36	78.33
2016	Erik	Tyrell Williams	WR	10	7	6	63.4	10.57	18.5	140.9	9.4	15.0	13.9	0.45	0.857	0.438	71.03	75.71
2016	Erik	Spencer Ware	RB	1	2	2	34.4	17.2	25.9	160.8	11.5	14.0	13.3	0.214	1.0	1.0	70.45	70.99
2016	Erik	Philip Rivers	QB	5	2	2	41.0	20.5	26.36	244.1	16.3	15.0	0.0	0.168	1.0	0.75	70.02	51.69
2016	Marv	Kirk Cousins	QB	14	3	3	55.46	18.49	29.8	288.8	19.3	15.0	28.9	0.192	1.0	0.188	68.74	45.32
2016	Kessi	Tyreek Hill	WR	13	4	4	46.3	11.57	15.5	131.9	8.8	15.0	4.9	0.351	1.0	0.25	67.36	70.41
2016	Marv	Rishard Matthews	WR	10	7	6	52.1	8.68	12.4	129.1	8.6	15.0	2.1	0.404	0.857	0.438	66.87	72.37
2016	Simi	Robert Kelley	RB	12	5	5	45.0	9.0	14.8	117.3	8.4	14.0	0.0	0.384	1.0	0.312	65.51	63.6
2016	Erik	Robert Kelley	RB	11	1	1	31.7	31.7	31.7	117.3	8.4	14.0	0.0	0.27	1.0	0.375	64.43	63.36
2016	Erik	Julius Thomas	TE	1	5	4	30.3	7.58	12.4	52.1	5.8	9.0	0.0	0.582	0.8	1.0	64.36	88.35
2016	Simi	Jacquizz Rodgers	RB	7	3	2	30.1	15.05	16.3	69.9	7.8	9.0	0.0	0.431	0.667	0.625	64.32	62.72
2016	Ritz	Jamison Crowder	WR	10	7	7	50.0	7.14	16.2	122.9	8.2	15.0	0.0	0.407	1.0	0.438	63.85	66.96
2016	Ritz	Kyle Rudolph	TE	9	6	6	44.0	7.33	12.0	108.3	7.2	15.0	24.8	0.406	1.0	0.5	63.74	83.59
2016	Erik	Terrance West	RB	6	6	5	42.1	8.42	24.3	133.5	8.9	15.0	0.0	0.315	0.833	0.688	63.73	60.21
2016	Ritz	Philip Rivers	QB	3	2	2	30.08	15.04	18.84	244.1	16.3	15.0	0.0	0.123	1.0	0.875	63.15	31.15
2016	Erik	Charles Sims	RB	3	2	2	19.9	9.95	18.4	43.9	6.3	7.0	0.0	0.453	1.0	0.875	60.24	56.66
2016	Simi	James Starks	RB	10	5	5	30.7	6.14	13.1	39.9	4.4	9.0	0.0	0.769	1.0	0.438	60.2	56.19
2016	Juschka	Jerick McKinnon	RB	3	4	3	26.8	8.93	15.5	82.4	5.9	14.0	0.0	0.325	0.75	0.875	60.13	55.43
2016	Erik	Devontae Booker	RB	8	6	5	36.3	7.26	12.4	88.8	5.9	15.0	0.0	0.409	0.833	0.562	60.1	57.86
2016	Juschka	Mike Gillislee	RB	7	6	4	34.2	8.55	15.4	105.7	7.6	14.0	0.0	0.324	0.667	0.625	60.06	55.28
2016	Juschka	Kenny Britt	WR	11	6	6	42.9	7.15	12.7	128.2	8.5	15.0	1.2	0.335	1.0	0.375	59.8	61.42
2016	Tommy	Steve Smith	WR	12	5	5	38.9	7.78	15.9	110.5	8.5	13.0	0.0	0.352	1.0	0.312	59.32	61.34
2016	Tommy	Markus Wheaton	WR	4	2	2	12.9	6.45	11.0	13.1	4.4	3.0	0.0	0.985	1.0	0.812	56.16	54.95
2016	Simi	Taylor Gabriel	WR	13	4	4	32.1	8.03	14.2	105.0	8.1	13.0	0.0	0.306	1.0	0.25	55.66	57.68
2016	Tommy	DeVante Parker	WR	12	5	5	33.4	6.68	14.5	93.9	6.7	14.0	0.0	0.356	1.0	0.312	54.89	55.81
2016	Erik	Joe Flacco	QB	15	2	2	26.62	13.31	14.48	233.8	15.6	15.0	0.0	0.114	1.0	0.125	53.47	15.74
2016	Benni	Bilal Powell	RB	15	2	2	23.6	11.8	16.2	119.3	8.0	15.0	0.0	0.198	1.0	0.125	52.79	48.94
2016	Marv	Zach Miller	TE	5	4	4	23.7	5.93	8.8	72.6	7.3	10.0	0.0	0.326	1.0	0.75	52.7	76.14
2016	Ritz	C.J. Prosise	RB	11	1	1	14.1	14.1	14.1	44.0	7.3	6.0	0.0	0.32	1.0	0.375	52.33	50.22
2016	Ritz	Derrick Henry	RB	13	4	3	26.0	8.67	17.8	79.9	5.7	14.0	0.0	0.325	0.75	0.25	51.84	45.57
2016	Juschka	Rishard Matthews	WR	2	2	2	15.0	7.5	7.9	129.1	8.6	15.0	2.1	0.116	1.0	0.938	49.39	51.71
2016	Kessi	Cole Beasley	WR	8	3	3	20.2	6.73	11.6	109.1	7.3	15.0	0.0	0.185	1.0	0.562	47.88	50.45
2016	Erik	Will Fuller	WR	3	7	5	22.1	4.42	14.1	72.8	5.6	13.0	0.0	0.304	0.714	0.875	47.39	49.53
2016	Ritz	Phillip Dorsett	WR	4	4	3	16.5	5.5	12.7	60.2	4.3	14.0	0.0	0.274	0.75	0.812	46.69	46.57
2016	Benni	Malcolm Mitchell	WR	13	4	4	22.6	5.65	10.1	64.1	4.6	14.0	0.0	0.353	1.0	0.25	46.67	50.44
2016	Ritz	Travis Benjamin	WR	4	4	4	19.6	4.9	11.7	85.4	6.1	14.0	0.0	0.23	1.0	0.812	46.37	47.45
2016	Simi	Terrance West	RB	11	1	1	11.3	11.3	11.3	133.5	8.9	15.0	0.0	0.085	1.0	0.375	44.51	42.25
2016	Kessi	Shane Vereen	RB	1	2	2	10.7	5.35	6.1	27.2	5.4	5.0	0.0	0.393	1.0	1.0	44.26	41.17
2016	Simi	Victor Cruz	WR	3	2	2	12.0	6.0	7.0	61.9	4.4	14.0	0.0	0.194	1.0	0.875	44.01	41.66
2016	Ritz	Kenny Britt	WR	10	1	1	10.9	10.9	10.9	128.2	8.5	15.0	1.2	0.085	1.0	0.438	43.92	42.71
2016	Tommy	Kyle Rudolph	TE	4	2	2	13.0	6.5	11.5	108.3	7.2	15.0	24.8	0.12	1.0	0.812	43.9	68.67
2016	Ritz	Willie Snead	WR	2	4	2	13.7	6.85	11.4	111.3	8.0	14.0	0.0	0.123	0.5	0.938	43.83	44.02
2016	Tommy	Justin Forsett	RB	1	2	2	10.2	5.1	5.6	32.6	4.1	8.0	0.0	0.313	1.0	1.0	42.14	38.03
2016	Benni	Rashad Jennings	RB	1	3	2	11.8	5.9	7.8	91.7	7.6	12.0	0.0	0.129	0.667	1.0	41.7	38.88
2016	Tommy	Cameron Meredith	WR	6	3	3	14.9	4.97	11.3	103.3	7.9	13.0	0.0	0.144	1.0	0.688	41.49	41.1
2016	Benni	Terrance West	RB	5	1	1	8.9	8.9	8.9	133.5	8.9	15.0	0.0	0.067	1.0	0.75	41.26	34.34
2016	Simi	Darren Sproles	RB	10	3	3	15.1	5.03	7.6	106.9	7.6	14.0	0.0	0.141	1.0	0.438	40.88	36.22
2016	Benni	Matthew Stafford	QB	4	1	1	8.22	8.22	8.22	259.9	17.3	15.0	0.0	0.032	1.0	0.812	38.91	13.6
2016	Simi	Devontae Booker	RB	10	1	1	8.8	8.8	8.8	88.8	5.9	15.0	0.0	0.099	1.0	0.438	37.7	29.2
2016	Juschka	Jason Witten	TE	13	4	3	15.0	5.0	9.3	82.3	5.5	15.0	0.0	0.182	0.75	0.25	37.65	60.86
2016	Marv	Eric Ebron	TE	16	1	1	9.3	9.3	9.3	77.1	6.4	12.0	0.0	0.121	1.0	0.062	37.33	61.81
2016	Tommy	Derrick Henry	RB	1	2	2	9.3	4.65	4.9	79.9	5.7	14.0	0.0	0.116	1.0	1.0	36.94	32.57
2016	Marv	Charcandrick West	RB	9	1	1	7.4	7.4	7.4	42.5	3.0	14.0	0.0	0.174	1.0	0.5	35.98	27.33
2016	Ritz	Dontrelle Inman	WR	15	2	2	11.2	5.6	6.8	99.9	6.7	15.0	0.0	0.112	1.0	0.125	32.93	30.28
2016	Ritz	Eric Ebron	TE	2	1	1	5.3	5.3	5.3	77.1	6.4	12.0	0.0	0.069	1.0	0.938	32.46	52.91
2016	Erik	Kenneth Farrow	RB	15	2	2	9.0	4.5	5.7	24.2	1.9	13.0	0.0	0.372	1.0	0.125	31.32	25.72
2016	Marv	Dennis Pitta	TE	3	2	2	5.9	2.95	4.2	73.8	4.9	15.0	0.0	0.08	1.0	0.875	29.95	53.7
2016	Marv	Zach Ertz	TE	10	1	1	5.5	5.5	5.5	79.7	6.1	13.0	0.0	0.069	1.0	0.438	28.58	52.29
2016	Tommy	Brian Quick	WR	9	1	1	4.8	4.8	4.8	72.9	4.9	15.0	0.0	0.066	1.0	0.5	26.3	28.05
2016	Benni	Wendell Smallwood	RB	12	2	2	6.6	3.3	4.7	40.7	3.1	13.0	0.0	0.162	1.0	0.312	26.26	17.22
2016	Benni	Zach Ertz	TE	5	1	1	3.7	3.7	3.7	79.7	6.1	13.0	0.0	0.046	1.0	0.75	25.95	45.06
2016	Ritz	Chris Hogan	WR	6	2	2	4.4	2.2	3.9	88.2	6.3	14.0	0.0	0.05	1.0	0.688	24.36	25.28
2016	Erik	Jack Doyle	TE	8	1	1	3.6	3.6	3.6	79.4	5.3	15.0	0.0	0.045	1.0	0.562	23.34	38.8
2016	Simi	Tyrell Williams	WR	6	1	1	2.8	2.8	2.8	140.9	9.4	15.0	13.9	0.02	1.0	0.688	21.67	23.06
2016	Ritz	Mohamed Sanu	WR	2	1	1	1.9	1.9	1.9	80.6	5.8	14.0	0.0	0.024	1.0	0.938	21.17	20.92
2016	Ritz	Zach Miller	TE	1	1	1	1.4	1.4	1.4	72.6	7.3	10.0	0.0	0.019	1.0	1.0	20.28	32.78
2016	Kessi	Steve Smith	WR	5	3	1	2.9	2.9	2.9	110.5	8.5	13.0	0.0	0.026	0.333	0.75	19.76	22.5
2016	Benni	Ty Montgomery	RB	16	1	1	4.0	4.0	4.0	90.4	6.5	14.0	0.0	0.044	1.0	0.062	19.75	12.67
2016	Erik	Mike Gillislee	RB	14	1	1	3.4	3.4	3.4	105.7	7.6	14.0	0.0	0.032	1.0	0.188	18.69	11.8
2016	Ritz	Terrance West	RB	14	1	1	2.6	2.6	2.6	133.5	8.9	15.0	0.0	0.019	1.0	0.188	15.94	9.11
2016	Ritz	James White	RB	12	1	1	2.2	2.2	2.2	98.7	6.6	15.0	0.0	0.022	1.0	0.312	15.8	8.45
2016	Erik	Ted Ginn Jr.	WR	14	1	1	2.6	2.6	2.6	95.7	6.4	15.0	0.0	0.027	1.0	0.188	15.35	16.11
2016	Kessi	Julius Thomas	TE	3	2	1	1.3	1.3	1.3	52.1	5.8	9.0	0.0	0.025	0.5	0.875	15.2	20.38
2016	Ritz	Martellus Bennett	TE	11	1	1	1.4	1.4	1.4	103.8	6.9	15.0	20.3	0.013	1.0	0.375	14.66	30.82
2016	Marv	Jeremy Kerley	WR	6	1	1	1.2	1.2	1.2	76.6	5.1	15.0	0.0	0.016	1.0	0.688	14.26	16.24
2016	Simi	Martellus Bennett	TE	7	1	1	0.5	0.5	0.5	103.8	6.9	15.0	20.3	0.005	1.0	0.625	12.75	11.33
2016	Ritz	Tyrell Williams	WR	8	1	1	0.4	0.4	0.4	140.9	9.4	15.0	13.9	0.003	1.0	0.562	11.38	12.72
2016	Erik	Vernon Davis	TE	16	1	1	1.3	1.3	1.3	65.4	4.4	15.0	0.0	0.02	1.0	0.062	10.21	19.05
2016	Ritz	Sammie Coates	WR	6	2	1	0.4	0.4	0.4	56.9	4.1	14.0	0.0	0.007	0.5	0.688	9.48	9.48
2016	Marv	Julius Thomas	TE	11	3	1	1.2	1.2	1.2	52.1	5.8	9.0	0.0	0.023	0.333	0.375	8.62	10.13
2015	Benni	Carson Palmer	QB	2	15	14	276.4	19.74	29.56	302.1	20.1	15.0	27.7	0.915	0.933	0.938	97.02	94.69
2015	Simi	Allen Robinson	WR	1	16	15	213.2	14.21	33.3	213.2	14.2	15.0	75.2	1.0	0.938	1.0	96.05	98.61
2015	Simi	Doug Martin	RB	1	16	15	188.5	12.57	33.8	188.5	12.6	15.0	68.4	1.0	0.938	1.0	94.83	95.91
2015	Juschka	Devonta Freeman	RB	4	13	11	176.1	16.01	32.9	230.0	16.4	14.0	109.9	0.766	0.846	0.812	89.54	90.33
2015	Kessi	Eric Decker	WR	3	14	12	136.3	11.36	14.5	161.7	11.6	14.0	23.7	0.843	0.857	0.875	87.92	92.17
2015	Juschka	Blake Bortles	QB	7	9	8	178.44	22.31	32.78	312.6	20.8	15.0	38.2	0.571	0.889	0.625	87.48	83.88
2015	Benni	DeAngelo Williams	RB	9	8	7	133.6	19.09	36.5	189.3	12.6	15.0	69.2	0.706	0.875	0.5	86.23	86.72
2015	Ritz	Michael Floyd	WR	5	12	10	110.4	11.04	23.3	119.3	8.5	14.0	0.0	0.925	0.833	0.75	86.01	88.24
2015	Marv	Larry Fitzgerald	WR	3	14	13	122.1	9.39	25.4	160.0	10.7	15.0	22.0	0.763	0.929	0.875	83.34	85.65
2015	Ritz	Jeremy Langford	RB	9	8	8	101.1	12.64	30.2	124.2	8.3	15.0	4.1	0.814	1.0	0.5	82.86	83.56
2015	Erik	Jordan Reed	TE	4	10	9	103.4	11.49	24.9	152.7	11.7	13.0	62.5	0.677	0.9	0.812	82.78	91.44
2015	Kessi	Tyler Eifert	TE	2	14	9	99.1	11.01	23.3	128.4	10.7	12.0	38.2	0.772	0.643	0.938	82.12	88.17
2015	Simi	Danny Woodhead	RB	5	12	11	110.2	10.02	30.0	156.9	10.5	15.0	36.8	0.702	0.917	0.75	81.31	80.99
2015	Tommy	Andy Dalton	QB	7	8	7	106.46	15.21	23.9	244.2	18.8	13.0	0.0	0.436	0.875	0.625	79.69	65.63
2015	Erik	David Johnson	RB	13	4	4	89.9	22.48	40.9	167.9	11.2	15.0	47.8	0.535	1.0	0.25	78.05	78.77
2015	Benni	Charcandrick West	RB	6	10	8	85.0	10.62	28.1	109.6	7.8	14.0	0.0	0.776	0.8	0.688	77.85	77.38
2015	Kessi	Andy Dalton	QB	4	3	3	67.0	22.33	27.04	244.2	18.8	13.0	0.0	0.274	1.0	0.812	76.76	75.69
2015	Juschka	Gary Barnidge	TE	6	11	10	96.3	9.63	15.9	151.7	10.1	15.0	61.5	0.635	0.909	0.688	76.74	80.28
2015	Juschka	Allen Hurns	WR	7	10	8	91.4	11.43	22.7	159.4	11.4	14.0	21.4	0.573	0.8	0.625	76.6	81.82
2015	Benni	Tim Hightower	RB	14	3	3	52.9	17.63	28.9	57.7	8.2	7.0	0.0	0.917	1.0	0.188	75.78	74.69
2015	Tommy	Charles Clay	TE	1	16	13	70.8	5.45	14.2	70.8	5.4	13.0	0.0	1.0	0.812	1.0	75.23	79.73
2015	Benni	Doug Baldwin	WR	13	4	4	81.9	20.47	26.2	186.3	12.4	15.0	48.3	0.44	1.0	0.25	75.13	77.34
2015	Benni	Dion Lewis	RB	3	7	5	54.4	10.88	17.2	84.2	12.0	7.0	0.0	0.646	0.714	0.875	73.22	73.9
2015	Benni	Ronnie Hillman	RB	5	11	10	79.6	7.96	17.5	118.7	7.9	15.0	0.0	0.671	0.909	0.75	73.04	72.38
2015	Benni	Donte Moncrief	WR	2	6	6	57.5	9.58	18.2	109.5	7.3	15.0	0.0	0.525	1.0	0.938	72.72	77.39
2015	Ritz	Javorius Allen	RB	12	5	5	58.2	11.64	23.0	93.7	6.2	15.0	0.0	0.621	1.0	0.312	72.2	72.3
2015	Simi	Travis Benjamin	WR	3	14	12	80.1	6.67	16.0	118.5	7.9	15.0	0.0	0.676	0.857	0.875	71.77	74.26
2015	Juschka	Tavon Austin	WR	5	5	4	45.2	11.3	21.9	134.5	9.0	15.0	0.0	0.336	0.8	0.75	65.98	70.32
2015	Juschka	Tyrod Taylor	QB	4	3	2	36.82	18.41	22.36	252.2	19.4	13.0	0.0	0.146	0.667	0.812	65.7	59.8
2015	Simi	Eli Manning	QB	9	4	3	48.7	16.23	21.44	269.3	18.0	15.0	0.0	0.181	0.75	0.5	64.92	56.85
2015	Erik	Jason Witten	TE	1	2	2	23.6	11.8	18.0	75.5	5.0	15.0	0.0	0.313	1.0	1.0	64.84	73.03
2015	Ritz	Michael Crabtree	WR	9	5	5	51.7	10.34	22.8	136.8	9.1	15.0	0.0	0.378	1.0	0.5	64.74	69.18
2015	Juschka	Stefon Diggs	WR	8	9	9	57.2	6.36	17.5	96.5	8.0	12.0	0.0	0.593	1.0	0.562	64.66	67.35
2015	Kessi	James Starks	RB	10	7	7	53.0	7.57	22.3	119.1	7.9	15.0	0.0	0.445	1.0	0.438	62.69	61.19
2015	Ritz	Ameer Abdullah	RB	1	7	7	39.4	5.63	15.4	86.9	5.8	15.0	0.0	0.453	1.0	1.0	62.17	61.52
2015	Tommy	Jameis Winston	QB	12	2	2	33.3	16.65	18.8	258.6	17.2	15.0	0.0	0.129	1.0	0.312	60.43	49.29
2015	Simi	Jason Witten	TE	3	11	10	41.8	4.18	7.3	75.5	5.0	15.0	0.0	0.554	0.909	0.875	59.27	66.27
2015	Simi	Thomas Rawls	RB	12	5	3	34.8	11.6	16.3	118.6	9.1	13.0	0.0	0.293	0.6	0.312	58.55	58.08
2015	Marv	Ben Watson		7	9	8	58.2	7.27	20.7	0.0	0.0	0.0	0.0	0.0	0.889	0.625	58.45	80.69
2015	Ritz	Davante Adams	WR	8	6	6	33.1	5.52	11.3	50.9	4.2	12.0	0.0	0.65	1.0	0.562	58.31	61.72
2015	Tommy	Alfred Blue	RB	1	4	4	27.5	6.87	19.9	86.3	5.8	15.0	0.0	0.319	1.0	1.0	57.82	56.0
2015	Kessi	Nate Washington	WR	8	9	8	43.5	5.44	13.4	89.2	6.9	13.0	0.0	0.488	0.889	0.562	57.76	59.55
2015	Erik	Spencer Ware	RB	12	1	1	17.5	17.5	17.5	63.2	6.3	10.0	0.0	0.277	1.0	0.312	56.48	56.33
2015	Ritz	Charles Sims	RB	14	3	3	32.3	10.77	17.7	120.1	8.0	15.0	0.0	0.269	1.0	0.188	55.87	55.51
2015	Benni	Steve Johnson	WR	9	5	3	27.4	9.13	15.2	67.7	6.8	10.0	0.0	0.405	0.6	0.5	55.38	57.59
2015	Juschka	Kendall Wright	WR	2	4	3	21.5	7.17	16.8	60.5	6.1	10.0	0.0	0.355	0.75	0.938	54.9	58.45
2015	Juschka	James White	RB	15	2	2	22.9	11.45	13.7	75.8	5.8	13.0	0.0	0.302	1.0	0.125	54.71	53.75
2015	Simi	Tevin Coleman	RB	1	4	2	17.2	8.6	9.2	40.6	3.4	12.0	0.0	0.424	0.5	1.0	54.28	53.45
2015	Benni	Derek Carr	QB	10	1	1	17.28	17.28	17.28	260.3	17.4	15.0	0.0	0.066	1.0	0.438	53.92	47.29
2015	Erik	Blake Bortles	QB	10	1	1	16.02	16.02	16.02	312.6	20.8	15.0	38.2	0.051	1.0	0.438	52.2	38.61
2015	Benni	Terrance Williams	WR	2	2	1	14.4	14.4	14.4	84.7	5.6	15.0	0.0	0.17	0.5	0.938	51.53	55.51
2015	Tommy	Danny Amendola	WR	11	6	4	28.24	7.06	13.64	81.6	6.3	13.0	0.0	0.346	0.667	0.375	51.15	54.44
2015	Ritz	James White	RB	10	2	2	17.7	8.85	16.6	75.8	5.8	13.0	0.0	0.234	1.0	0.438	50.09	50.73
2015	Benni	Tyrod Taylor	QB	8	2	1	15.64	15.64	15.64	252.2	19.4	13.0	0.0	0.062	0.5	0.562	49.8	32.13
2015	Erik	Kamar Aiken	WR	12	2	2	18.8	9.4	14.0	114.8	7.7	15.0	0.0	0.164	1.0	0.312	49.65	51.66
2015	Juschka	Ted Ginn Jr.	WR	15	2	2	21.4	10.7	20.5	139.9	9.3	15.0	1.9	0.153	1.0	0.125	49.57	53.14
2015	Benni	Karlos Williams	RB	4	2	1	13.0	13.0	13.0	104.6	10.5	10.0	0.0	0.124	0.5	0.812	48.09	47.34
2015	Benni	Markus Wheaton	WR	14	2	2	18.7	9.35	12.2	95.2	6.3	15.0	0.0	0.196	1.0	0.188	48.04	48.47
2015	Benni	Ladarius Green	TE	7	2	2	15.5	7.75	14.5	70.9	5.5	13.0	0.0	0.219	1.0	0.625	47.34	55.87
2015	Ritz	Eric Ebron	TE	13	4	4	22.4	5.6	7.9	75.2	5.8	13.0	0.0	0.298	1.0	0.25	46.83	53.97
2015	Kessi	Danny Woodhead	RB	2	2	2	14.7	7.35	10.4	156.9	10.5	15.0	36.8	0.094	1.0	0.938	46.44	44.17
2015	Erik	Denard Robinson	RB	15	2	2	15.7	7.85	8.7	48.1	4.0	12.0	0.0	0.326	1.0	0.125	45.07	43.3
2015	Ritz	Blaine Gabbert	QB	14	1	1	13.66	13.66	13.66	112.9	16.1	7.0	0.0	0.121	1.0	0.188	44.96	24.85
2015	Tommy	A.J. McCarron	QB	15	1	1	11.88	11.88	11.88	40.7	6.8	6.0	0.0	0.292	1.0	0.125	44.74	21.4
2015	Juschka	Bishop Sankey	RB	2	5	4	14.6	3.65	4.3	41.6	3.5	12.0	0.0	0.351	0.8	0.938	42.85	39.19
2015	Simi	Mike Wallace	WR	1	2	2	10.1	5.05	6.3	57.7	3.8	15.0	0.0	0.175	1.0	1.0	40.15	44.38
2015	Ritz	Tyler Lockett	WR	15	2	2	14.8	7.4	11.5	98.1	6.5	15.0	0.0	0.151	1.0	0.125	39.82	44.19
2015	Erik	Roddy White	WR	1	2	1	8.4	8.4	8.4	55.6	3.7	15.0	0.0	0.151	0.5	1.0	38.78	42.87
2015	Erik	James White	RB	14	1	1	10.0	10.0	10.0	75.8	5.8	13.0	0.0	0.132	1.0	0.188	38.39	35.62
2015	Juschka	Willie Snead	WR	9	5	2	14.5	7.25	9.5	110.9	7.9	14.0	0.0	0.131	0.4	0.5	38.31	42.75
2015	Tommy	Spencer Ware	RB	13	4	3	15.2	5.07	8.5	63.2	6.3	10.0	0.0	0.241	0.75	0.25	37.72	35.81
2015	Benni	Tevin Coleman	RB	12	1	1	9.0	9.0	9.0	40.6	3.4	12.0	0.0	0.222	1.0	0.312	37.62	34.96
2015	Benni	Eli Manning	QB	6	1	1	8.76	8.76	8.76	269.3	18.0	15.0	0.0	0.033	1.0	0.688	37.23	17.76
2015	Juschka	Davante Adams	WR	1	3	2	9.2	4.6	5.9	50.9	4.2	12.0	0.0	0.181	0.667	1.0	35.77	38.48
2015	Ritz	Marques Colston	WR	15	2	1	9.9	9.9	9.9	76.0	5.8	13.0	0.0	0.13	0.5	0.125	34.58	39.75
2015	Ritz	Tyler Eifert	TE	4	1	1	6.9	6.9	6.9	128.4	10.7	12.0	38.2	0.054	1.0	0.812	32.53	43.93
2015	Juschka	Karlos Williams	RB	10	5	3	12.6	4.2	11.0	104.6	10.5	10.0	0.0	0.12	0.6	0.438	31.61	27.56
2015	Tommy	Derek Carr	QB	11	1	1	7.56	7.56	7.56	260.3	17.4	15.0	0.0	0.029	1.0	0.375	31.33	9.19
2015	Tommy	Duke Johnson	RB	8	1	1	7.1	7.1	7.1	98.8	6.6	15.0	0.0	0.072	1.0	0.562	31.14	26.84
2015	Juschka	Brandon Bolden		15	2	2	11.4	5.7	6.0	0.0	0.0	0.0	0.0	0.0	1.0	0.125	30.92	6.25
2015	Erik	Shaun Draughn	RB	14	2	2	9.3	4.65	5.1	50.9	4.6	11.0	0.0	0.183	1.0	0.188	30.19	26.92
2015	Marv	Alfred Blue	RB	8	2	1	7.2	7.2	7.2	86.3	5.8	15.0	0.0	0.083	0.5	0.562	29.65	26.39
2015	Benni	Bryce Brown	RB	15	1	1	4.3	4.3	4.3	5.2	2.6	2.0	0.0	0.827	1.0	0.125	29.59	24.06
2015	Simi	David Johnson	RB	6	3	3	8.9	2.97	4.8	167.9	11.2	15.0	47.8	0.053	1.0	0.688	29.4	24.03
2015	Marv	James Starks	RB	3	1	1	5.1	5.1	5.1	119.1	7.9	15.0	0.0	0.043	1.0	0.875	29.35	24.67
2015	Tommy	Mike Wallace	WR	3	1	1	4.9	4.9	4.9	57.7	3.8	15.0	0.0	0.085	1.0	0.875	28.95	34.48
2015	Juschka	Richard Rodgers	TE	5	3	3	8.2	2.73	4.5	90.2	6.0	15.0	0.0	0.091	1.0	0.75	28.82	39.87
2015	Kessi	Ladarius Green	TE	2	1	1	4.7	4.7	4.7	70.9	5.5	13.0	0.0	0.066	1.0	0.938	28.64	38.04
2015	Erik	Steve Johnson	WR	3	1	1	4.6	4.6	4.6	67.7	6.8	10.0	0.0	0.068	1.0	0.875	27.2	32.34
2015	Erik	Cameron Artis-Payne	RB	16	1	1	5.6	5.6	5.6	18.0	3.0	6.0	0.0	0.311	1.0	0.062	26.64	22.45
2015	Kessi	Ameer Abdullah	RB	4	1	1	4.4	4.4	4.4	86.9	5.8	15.0	0.0	0.051	1.0	0.812	25.47	21.18
2015	Ritz	Tavon Austin	WR	14	1	1	5.9	5.9	5.9	134.5	9.0	15.0	0.0	0.044	1.0	0.188	24.92	30.51
2015	Simi	Richard Rodgers	TE	14	3	3	7.2	2.4	6.3	90.2	6.0	15.0	0.0	0.08	1.0	0.188	21.91	29.41
2015	Marv	Richard Rodgers	TE	6	1	1	3.4	3.4	3.4	90.2	6.0	15.0	0.0	0.038	1.0	0.688	21.52	29.12
2015	Marv	Vincent Jackson	WR	5	2	1	3.4	3.4	3.4	74.3	7.4	10.0	0.0	0.046	0.5	0.75	19.1	23.93
2015	Juschka	Austin Seferian-Jenkins	TE	2	2	1	2.9	2.9	2.9	53.0	8.8	6.0	0.0	0.055	0.5	0.938	18.97	20.04
2015	Tommy	Tyler Lockett	WR	2	1	1	1.7	1.7	1.7	98.1	6.5	15.0	0.0	0.017	1.0	0.938	18.56	24.09
2015	Benni	Tavon Austin	WR	13	1	1	3.8	3.8	3.8	134.5	9.0	15.0	0.0	0.028	1.0	0.25	17.83	23.06
2015	Juschka	Mike Wallace	WR	6	1	1	2.3	2.3	2.3	57.7	3.8	15.0	0.0	0.04	1.0	0.688	17.71	23.83
2015	Tommy	Larry Donnell	TE	8	1	1	2.2	2.2	2.2	34.3	4.3	8.0	0.0	0.064	1.0	0.562	16.16	11.58
2015	Erik	Rishard Matthews	WR	4	1	1	1.6	1.6	1.6	90.6	8.2	11.0	0.0	0.018	1.0	0.812	16.01	19.07
2015	Ritz	Duke Johnson	RB	13	1	1	3.2	3.2	3.2	98.8	6.6	15.0	0.0	0.032	1.0	0.25	15.74	10.41
2015	Benni	Austin Seferian-Jenkins	TE	14	1	1	3.1	3.1	3.1	53.0	8.8	6.0	0.0	0.058	1.0	0.188	14.85	19.75
2015	Juschka	DeAngelo Williams	RB	3	2	2	0.7	0.35	0.5	189.3	12.6	15.0	69.2	0.004	1.0	0.875	14.46	13.81
2015	Benni	Marvin Jones	WR	8	1	1	1.4	1.4	1.4	105.1	7.0	15.0	0.0	0.013	1.0	0.562	12.78	14.6
2015	Ritz	Danny Amendola	WR	8	1	1	1.1	1.1	1.1	81.6	6.3	13.0	0.0	0.013	1.0	0.562	12.12	12.71
2015	Benni	DeVante Parker	WR	14	1	1	1.6	1.6	1.6	50.8	3.9	13.0	0.0	0.031	1.0	0.188	10.62	14.91
2015	Erik	Tavon Austin	WR	11	1	1	0.1	0.1	0.1	134.5	9.0	15.0	0.0	0.001	1.0	0.375	8.77	8.77
