Year	Owner	PickupsCount	TotalPickupScore	AvgPickupScore	Top3AvgScore	BestPickupScore	BestPickupPlayer	TotalPickupPoints	AvgPickupPoints
2025	Erik	24	1009.11	42.05	76.21	83.19	Curtis Samuel	529.34	22.06
2025	Benni	19	947.73	49.88	84.96	88.56	Emeka Egbuka	688.18	36.22
2025	Ritz	14	695.62	49.69	81.6	84.29	Daniel Jones	444.98	31.78
2025	Simi	8	464.21	58.03	69.54	86.58	Matthew Stafford	383.92	47.99
2025	Marv	6	346.83	57.8	74.62	93.03	Brady Cook	236.36	39.39
2025	Juschka	4	215.98	53.99	64.93	71.46	Parker Washington	157.54	39.38
2025	Tommy	4	202.33	50.58	60.3	69.72	Jared Goff	137.72	34.43
2025	Kessi	2	159.74	79.87	79.87	94.53	Drake Maye	308.1	154.05
2024	Benni	17	864.52	50.85	86.92	95.14	Jayden Daniels	666.2	39.19
2024	Erik	19	804.77	42.36	80.89	87.04	Baker Mayfield	485.88	25.57
2024	Ritz	14	775.36	55.38	83.78	89.56	Jordan Addison	476.36	34.03
2024	Marv	10	474.09	47.41	80.29	89.8	J.K. Dobbins	328.08	32.81
2024	Juschka	10	432.04	43.2	60.87	63.4	Sam Darnold	185.08	18.51
2024	Simi	5	373.67	74.73	80.78	91.08	Chuba Hubbard	414.18	82.84
2024	Kessi	6	300.07	50.01	67.35	72.93	Jordan Love	143.96	23.99
2024	Tommy	5	283.61	56.72	78.46	83.81	Rico Dowdle	212.9	42.58
2023	Benni	14	803.35	57.38	86.03	90.74	Puka Nacua	658.22	47.02
2023	Ritz	13	721.44	55.5	86.25	94.51	Kyren Williams	691.86	53.22
2023	Juschka	11	624.38	56.76	71.91	83.9	Sam LaPorta	414.32	37.67
2023	Marv	11	594.62	54.06	80.87	88.41	Kirk Cousins	434.02	39.46
2023	Erik	14	592.65	42.33	69.03	76.46	Kyler Murray	298.9	21.35
2023	Tommy	8	350.19	43.77	67.13	77.18	D'Onta Foreman	181.2	22.65
2023	Kessi	6	258.52	43.09	56.08	60.97	Jaylen Warren	108.86	18.14
2023	Simi	4	145.36	36.34	44.93	89.14	Dak Prescott	195.4	48.85
2022	Juschka	18	818.52	45.47	72.61	91.0	Jeffery Wilson	378.28	21.02
2022	Benni	15	763.89	50.93	89.44	93.64	Dameon Pierce	589.72	39.31
2022	Ritz	10	513.55	51.35	75.0	76.61	Kirk Cousins	294.86	29.49
2022	Erik	10	497.58	49.76	71.79	87.2	Tua Tagovailoa	290.02	29.0
2022	Kessi	6	423.42	70.57	80.58	87.83	Brian Robinson	339.8	56.63
2022	Marv	7	407.0	58.14	77.15	80.84	Christian Kirk	295.16	42.17
2022	Tommy	6	307.16	51.19	69.37	74.98	Justin Fields	176.92	29.49
2022	Simi	9	292.39	32.49	53.14	68.62	Latavius Murray	98.86	10.98
2021	Juschka	21	1251.71	59.61	86.64	91.1	Marquise Brown	805.94	38.38
2021	Kessi	14	685.22	48.94	74.03	87.28	Mac Jones	389.16	27.8
2021	Simi	13	635.56	48.89	77.91	91.67	Cordarrelle Patterson	395.4	30.42
2021	Benni	10	528.1	52.81	87.84	93.31	Darrell Henderson	381.76	38.18
2021	Marv	11	429.74	39.07	68.09	76.26	Matt Ryan	202.58	18.42
2021	Ritz	8	425.3	53.16	75.64	78.68	Chuba Hubbard	210.08	26.26
2021	Tommy	9	394.9	43.88	68.5	76.71	Joe Burrow	196.58	21.84
2021	Erik	8	364.39	45.55	69.08	98.29	Jalen Hurts	403.2	50.4
2020	Tommy	21	960.18	45.72	83.8	86.37	Tom Brady	613.4	29.21
2020	Simi	18	731.05	40.61	65.84	66.84	Giovani Bernard	324.04	18.0
2020	Marv	11	707.16	64.29	89.81	94.2	James Robinson	771.14	70.1
2020	Erik	14	602.73	43.05	68.85	78.31	Hunter Henry	225.02	16.07
2020	Ritz	9	566.78	62.98	81.31	97.16	Aaron Rodgers	547.72	60.86
2020	Juschka	11	530.33	48.21	83.3	89.5	Mike Davis	434.72	39.52
2020	Kessi	9	461.34	51.26	72.82	76.99	J.D. McKissic	276.98	30.78
2020	Benni	7	334.15	47.74	70.34	92.08	Antonio Gibson	216.18	30.88
2019	Benni	22	1002.1	45.55	79.51	82.53	Mark Andrews	614.44	27.93
2019	Ritz	15	676.92	45.13	79.64	94.89	Dak Prescott	594.44	39.63
2019	Simi	14	670.39	47.88	73.75	93.61	Tom Brady	482.46	34.46
2019	Erik	9	535.59	59.51	83.67	97.39	Lamar Jackson	666.84	74.09
2019	Tommy	8	375.62	46.95	62.76	79.49	Devin Singletary	184.42	23.05
2019	Juschka	6	335.1	55.85	79.15	81.17	D.J. Chark	341.6	56.93
2019	Kessi	4	269.78	67.44	73.48	88.87	Carson Wentz	296.3	74.08
2019	Marv	5	232.0	46.4	67.14	87.04	Carlos Hyde	216.3	43.26
2018	Benni	20	915.18	45.76	78.88	94.89	James Conner	606.48	30.32
2018	Marv	11	712.26	64.75	86.57	89.14	Philip Rivers	811.92	73.81
2018	Simi	13	700.57	53.89	81.63	91.62	Matt Ryan	719.7	55.36
2018	Tommy	15	669.96	44.66	82.03	97.76	Patrick Mahomes	678.9	45.26
2018	Juschka	9	564.12	62.68	80.88	90.58	Adrian Peterson	586.86	65.21
2018	Erik	8	428.19	53.52	77.2	89.64	Phillip Lindsay	408.8	51.1
2018	Kessi	7	389.73	55.68	78.23	97.13	Jared Goff	540.86	77.27
2018	Ritz	8	291.47	36.43	57.62	72.13	Kirk Cousins	154.92	19.36
2017	Benni	23	1183.34	51.45	77.97	79.48	Ben Roethlisberger	659.02	28.65
2017	Erik	23	1095.37	47.62	78.64	87.61	Carson Wentz	663.82	28.86
2017	Marv	17	919.89	54.11	84.13	87.23	Alvin Kamara	638.6	37.56
2017	Kessi	18	852.18	47.34	84.33	91.48	Deshaun Watson	621.2	34.51
2017	Tommy	14	768.99	54.93	86.52	91.25	Dak Prescott	626.74	44.77
2017	Ritz	8	356.22	44.53	61.1	69.39	Will Fuller	134.04	16.75
2017	Juschka	5	329.25	65.85	79.48	91.11	Alex Smith	400.1	80.02
2017	Simi	6	200.26	33.38	44.73	56.64	Paul Richardson	65.0	10.83
2016	Ritz	22	905.7	41.17	77.17	79.19	Mike Wallace	519.48	23.61
2016	Erik	17	876.1	51.54	74.33	80.61	LeGarrette Blount	512.52	30.15
2016	Tommy	12	701.75	58.48	87.31	95.53	Matt Ryan	719.38	59.95
2016	Marv	13	676.11	52.01	86.91	90.47	Marcus Mariota	629.68	48.44
2016	Simi	12	612.44	51.04	76.91	85.82	Dak Prescott	418.98	34.91
2016	Juschka	7	429.57	61.37	74.22	84.97	Matthew Stafford	346.88	49.55
2016	Kessi	7	372.91	53.27	81.94	91.58	Jordan Howard	369.9	52.84
2016	Benni	9	371.77	41.31	59.31	78.48	Terrelle Pryor	178.96	19.88
2015	Benni	22	1145.61	52.07	87.03	97.02	Carson Palmer	975.18	44.33
2015	Juschka	19	945.3	49.75	84.59	89.54	Devonta Freeman	823.66	43.35
2015	Ritz	16	783.75	48.98	80.36	86.01	Michael Floyd	521.76	32.61
2015	Simi	11	672.44	61.13	90.73	96.05	Allen Robinson	760.7	69.15
2015	Erik	14	615.05	43.93	75.22	82.78	Jordan Reed	324.52	23.18
2015	Tommy	12	532.92	44.41	71.78	79.69	Andy Dalton	316.84	26.4
2015	Kessi	8	467.8	58.48	82.27	87.92	Eric Decker	422.7	52.84
2015	Marv	6	241.41	40.23	57.15	83.34	Larry Fitzgerald	199.4	33.23
