Rank;Name;Position;Team;Total Points;VORP;;;;;;;;;;;;;;;;;
1;Cam Newton;QB;FA;356,4;82;;;;;;;;;;;;;;;;;
2;Tom Brady;QB;FA;338,4;64;;;;;;;;;;;;;;;;;
3;Russell Wilson;QB;NYG;315,1;40,7;;;;;;;;;;;;;;;;;
4;Blake Bortles;QB;FA;312,6;38,2;;;;;;;;;;;;;;;;;
5;Carson Palmer;QB;FA;302,1;27,7;;;;;;;;;;;;;;;;;
6;Aaron Rodgers;QB;PIT;288,4;14;;;;;;;;;;;;;;;;;
7;Drew Brees;QB;FA;287,8;13,4;;;;;;;;;;;;;;;;;
8;Ryan Fitzpatrick;QB;FA;274,8;0,4;;;;;;;;;;;;;;;;;
9;Kirk Cousins;QB;ATL;274,4;0;;;;;;;;;;;;;;;;;
10;Eli Manning;QB;FA;269,3;0;;;;;;;;;;;;;;;;;
11;Philip Rivers;QB;FA;268,9;0;;;;;;;;;;;;;;;;;
12;Matthew Stafford;QB;LAR;264,9;0;;;;;;;;;;;;;;;;;
13;Derek Carr;QB;FA;260,3;0;;;;;;;;;;;;;;;;;
14;Jameis Winston;QB;NYG;258,6;0;;;;;;;;;;;;;;;;;
15;Alex Smith;QB;FA;254,9;0;;;;;;;;;;;;;;;;;
16;Tyrod Taylor;QB;NYJ;252,2;0;;;;;;;;;;;;;;;;;
17;Andy Dalton;QB;CAR;244,2;0;;;;;;;;;;;;;;;;;
18;Ryan Tannehill;QB;FA;233,6;0;;;;;;;;;;;;;;;;;
1;Devonta Freeman;RB;FA;230;109,9;;;;;;;;;;;;;;;;;
1;Antonio Brown;WR;FA;223,5;85,5;;;;;;;;;;;;;;;;;
2;Julio Jones;WR;FA;218,2;80,2;;;;;;;;;;;;;;;;;
2;Adrian Peterson;RB;FA;217,9;97,8;;;;;;;;;;;;;;;;;
3;Odell Beckham Jr.;WR;FA;217,9;79,9;;;;;;;;;;;;;;;;;
19;Matt Ryan;QB;FA;214,6;0;;;;;;;;;;;;;;;;;
20;Jay Cutler;QB;FA;213,6;0;;;;;;;;;;;;;;;;;
4;Allen Robinson II;WR;FA;213,2;75,2;;;;;;;;;;;;;;;;;
5;Brandon Marshall;WR;FA;211,6;73,6;;;;;;;;;;;;;;;;;
6;DeAndre Hopkins;WR;BAL;211,2;73,2;;;;;;;;;;;;;;;;;
21;Marcus Mariota;QB;WAS;210;0;;;;;;;;;;;;;;;;;
22;Ben Roethlisberger;QB;FA;204,4;0;;;;;;;;;;;;;;;;;
23;Teddy Bridgewater;QB;TB;198,3;0;;;;;;;;;;;;;;;;;
3;DeAngelo Williams;RB;FA;189,3;69,2;;;;;;;;;;;;;;;;;
4;Doug Martin;RB;FA;188,5;68,4;;;;;;;;;;;;;;;;;
5;Todd Gurley II;RB;FA;187,4;67,3;;;;;;;;;;;;;;;;;
7;Doug Baldwin;WR;FA;186,3;48,3;;;;;;;;;;;;;;;;;
1;Rob Gronkowski;TE;FA;181,8;91,6;;;;;;;;;;;;;;;;;
6;Lamar Miller;RB;FA;178,6;58,5;;;;;;;;;;;;;;;;;
8;A.J. Green;WR;FA;178,3;40,3;;;;;;;;;;;;;;;;;
24;Sam Bradford;QB;FA;176,3;0;;;;;;;;;;;;;;;;;
7;David Johnson;RB;FA;167,9;47,8;;;;;;;;;;;;;;;;;
9;Brandin Cooks;WR;BUF;167,4;29,4;;;;;;;;;;;;;;;;;
1;Stephen Gostkowski;K;FA;167;37;;;;;;;;;;;;;;;;;
1;Arizona Cardinals;DST;ARI;165;43;;;;;;;;;;;;;;;;;
8;Chris Ivory;RB;FA;164,6;44,5;;;;;;;;;;;;;;;;;
2;Denver Broncos;DST;DEN;162;40;;;;;;;;;;;;;;;;;
25;Joe Flacco;QB;CIN;161,9;0;;;;;;;;;;;;;;;;;
10;Eric Decker;WR;FA;161,7;23,7;;;;;;;;;;;;;;;;;
3;Kansas City Chiefs;DST;KC;161;39;;;;;;;;;;;;;;;;;
11;Larry Fitzgerald;WR;FA;160;22;;;;;;;;;;;;;;;;;
12;Allen Hurns;WR;FA;159,4;21,4;;;;;;;;;;;;;;;;;
9;Latavius Murray;RB;FA;158,2;38,1;;;;;;;;;;;;;;;;;
10;Danny Woodhead;RB;FA;156,9;36,8;;;;;;;;;;;;;;;;;
4;Carolina Panthers;DST;CAR;155;33;;;;;;;;;;;;;;;;;
26;Brian Hoyer;QB;FA;154,7;0;;;;;;;;;;;;;;;;;
2;Graham Gano;K;NYG;154;24;;;;;;;;;;;;;;;;;
11;Matt Forte;RB;FA;153,7;33,6;;;;;;;;;;;;;;;;;
13;Calvin Johnson;WR;FA;153,7;15,7;;;;;;;;;;;;;;;;;
12;Mark Ingram II;RB;FA;153,4;33,3;;;;;;;;;;;;;;;;;
2;Jordan Reed;TE;FA;152,7;62,5;;;;;;;;;;;;;;;;;
13;Frank Gore;RB;FA;151,8;31,7;;;;;;;;;;;;;;;;;
3;Gary Barnidge;TE;FA;151,7;61,5;;;;;;;;;;;;;;;;;
14;Jarvis Landry;WR;FA;151,6;13,6;;;;;;;;;;;;;;;;;
4;Greg Olsen;TE;FA;148,8;58,6;;;;;;;;;;;;;;;;;
14;Jonathan Stewart;RB;FA;146,8;26,7;;;;;;;;;;;;;;;;;
15;LeSean McCoy;RB;FA;146,7;26,6;;;;;;;;;;;;;;;;;
15;Sammy Watkins;WR;FA;145,2;7,2;;;;;;;;;;;;;;;;;
3;Blair Walsh;K;FA;145;15;;;;;;;;;;;;;;;;;
16;Demaryius Thomas;WR;FA;144,7;6,7;;;;;;;;;;;;;;;;;
16;Darren McFadden;RB;FA;143,2;23,1;;;;;;;;;;;;;;;;;
4;Cairo Santos;K;CHI;143;13;;;;;;;;;;;;;;;;;
4;Chandler Catanzaro;K;FA;143;13;;;;;;;;;;;;;;;;;
17;Jeremy Maclin;WR;FA;143;5;;;;;;;;;;;;;;;;;
18;Emmanuel Sanders;WR;FA;140,5;2,5;;;;;;;;;;;;;;;;;
19;Ted Ginn Jr.;WR;FA;139,9;1,9;;;;;;;;;;;;;;;;;
6;Robbie Gould;K;FA;139;9;;;;;;;;;;;;;;;;;
20;Amari Cooper;WR;FA;138,7;0,7;;;;;;;;;;;;;;;;;
21;John Brown;WR;FA;138;0;;;;;;;;;;;;;;;;;
21;T.Y. Hilton;WR;FA;138;0;;;;;;;;;;;;;;;;;
17;Jeremy Hill;RB;FA;137,8;17,7;;;;;;;;;;;;;;;;;
5;Delanie Walker;TE;FA;137,4;47,2;;;;;;;;;;;;;;;;;
23;Michael Crabtree;WR;FA;136,8;0;;;;;;;;;;;;;;;;;
7;Josh Brown;K;FA;135;5;;;;;;;;;;;;;;;;;
24;Tavon Austin;WR;FA;134,5;0;;;;;;;;;;;;;;;;;
5;Seattle Seahawks;DST;SEA;133;11;;;;;;;;;;;;;;;;;
8;Justin Tucker;K;FA;133;3;;;;;;;;;;;;;;;;;
27;Josh McCown;QB;FA;132,2;0;;;;;;;;;;;;;;;;;
6;Cincinnati Bengals;DST;CIN;132;10;;;;;;;;;;;;;;;;;
7;New England Patriots;DST;NE;131;9;;;;;;;;;;;;;;;;;
25;James Jones;WR;FA;130,8;0;;;;;;;;;;;;;;;;;
28;Andrew Luck;QB;FA;130,8;0;;;;;;;;;;;;;;;;;
9;Brandon McManus;K;GB;130;0;;;;;;;;;;;;;;;;;
9;Stephen Hauschka;K;FA;130;0;;;;;;;;;;;;;;;;;
18;DeMarco Murray;RB;FA;129,5;9,4;;;;;;;;;;;;;;;;;
6;Tyler Eifert;TE;FA;128,4;38,2;;;;;;;;;;;;;;;;;
26;Jordan Matthews;TE;FA;128,3;38,1;;;;;;;;;;;;;;;;;
8;Los Angeles Rams;DST;LAR;128;6;;;;;;;;;;;;;;;;;
11;Dan Bailey;K;FA;128;0;;;;;;;;;;;;;;;;;
19;Giovani Bernard;RB;FA;127,4;7,3;;;;;;;;;;;;;;;;;
27;Mike Evans;WR;TB;126,7;0;;;;;;;;;;;;;;;;;
20;Jeremy Langford;RB;FA;124,2;4,1;;;;;;;;;;;;;;;;;
12;Mike Nugent;K;FA;123;0;;;;;;;;;;;;;;;;;
9;Pittsburgh Steelers;DST;PIT;122;0;;;;;;;;;;;;;;;;;
10;Houston Texans;DST;HOU;121;0;;;;;;;;;;;;;;;;;
28;Martavis Bryant;WR;FA;120,2;0;;;;;;;;;;;;;;;;;
21;Charles Sims;RB;FA;120,1;0;;;;;;;;;;;;;;;;;
22;T.J. Yeldon;RB;FA;119,9;0;;;;;;;;;;;;;;;;;
29;Randall Cobb;WR;FA;119,9;0;;;;;;;;;;;;;;;;;
30;Michael Floyd;WR;FA;119,3;0;;;;;;;;;;;;;;;;;
23;James Starks;RB;FA;119,1;0;;;;;;;;;;;;;;;;;
24;Ronnie Hillman;RB;FA;118,7;0;;;;;;;;;;;;;;;;;
25;Thomas Rawls;RB;FA;118,6;0;;;;;;;;;;;;;;;;;
31;Travis Benjamin;WR;FA;118,5;0;;;;;;;;;;;;;;;;;
13;Chris Boswell;K;PIT;118;0;;;;;;;;;;;;;;;;;
26;LeGarrette Blount;RB;FA;116,6;0;;;;;;;;;;;;;;;;;
7;Travis Kelce;TE;KC;116,5;26,3;;;;;;;;;;;;;;;;;
27;Eddie Lacy;RB;FA;116,5;0;;;;;;;;;;;;;;;;;
14;Mason Crosby;K;FA;116;0;;;;;;;;;;;;;;;;;
32;Golden Tate;WR;FA;116;0;;;;;;;;;;;;;;;;;
15;Jason Myers;K;SEA;115;0;;;;;;;;;;;;;;;;;
15;Dustin Hopkins;K;FA;115;0;;;;;;;;;;;;;;;;;
33;Kamar Aiken;WR;FA;114,8;0;;;;;;;;;;;;;;;;;
17;Josh Lambo;K;FA;114;0;;;;;;;;;;;;;;;;;
34;Rueben Randle;WR;FA;113,8;0;;;;;;;;;;;;;;;;;
28;Isaiah Crowell;RB;FA;113,5;0;;;;;;;;;;;;;;;;;
29;Blaine Gabbert;QB;FA;112,9;0;;;;;;;;;;;;;;;;;
29;Rashad Jennings;RB;FA;112,3;0;;;;;;;;;;;;;;;;;
11;New York Jets;DST;NYJ;112;0;;;;;;;;;;;;;;;;;
35;Julian Edelman;WR;FA;111,5;0;;;;;;;;;;;;;;;;;
12;Green Bay Packers;DST;GB;111;0;;;;;;;;;;;;;;;;;
36;Willie Snead IV;WR;FA;110,9;0;;;;;;;;;;;;;;;;;
30;Colin Kaepernick;QB;FA;110,2;0;;;;;;;;;;;;;;;;;
13;Philadelphia Eagles;DST;PHI;110;0;;;;;;;;;;;;;;;;;
18;Matt Prater;K;BUF;110;0;;;;;;;;;;;;;;;;;
30;Charcandrick West;RB;FA;109,6;0;;;;;;;;;;;;;;;;;
31;Brock Osweiler;QB;FA;109,5;0;;;;;;;;;;;;;;;;;
37;Donte Moncrief;WR;FA;109,5;0;;;;;;;;;;;;;;;;;
14;Indianapolis Colts;DST;IND;109;0;;;;;;;;;;;;;;;;;
19;Sebastian Janikowski;K;FA;109;0;;;;;;;;;;;;;;;;;
20;Adam Vinatieri;K;FA;108;0;;;;;;;;;;;;;;;;;
38;Marvin Jones Jr.;WR;FA;105,1;0;;;;;;;;;;;;;;;;;
15;Washington Commanders;DST;WAS;105;0;;;;;;;;;;;;;;;;;
21;Dan Carpenter;K;FA;105;0;;;;;;;;;;;;;;;;;
39;Alshon Jeffery;WR;FA;104,7;0;;;;;;;;;;;;;;;;;
8;Benjamin Watson;TE;FA;104,6;14,4;;;;;;;;;;;;;;;;;
31;Karlos Williams;RB;FA;104,6;0;;;;;;;;;;;;;;;;;
32;C.J. Anderson;RB;FA;103,3;0;;;;;;;;;;;;;;;;;
16;Minnesota Vikings;DST;MIN;103;0;;;;;;;;;;;;;;;;;
40;Pierre Garcon;WR;FA;102,8;0;;;;;;;;;;;;;;;;;
33;Ryan Mathews;RB;FA;102,7;0;;;;;;;;;;;;;;;;;
34;Chris Johnson;RB;FA;101,2;0;;;;;;;;;;;;;;;;;
22;Travis Coons;K;FA;101;0;;;;;;;;;;;;;;;;;
17;Tampa Bay Buccaneers;DST;TB;100;0;;;;;;;;;;;;;;;;;
23;Connor Barth;K;FA;99;0;;;;;;;;;;;;;;;;;
35;Duke Johnson Jr.;RB;FA;98,8;0;;;;;;;;;;;;;;;;;
41;Tyler Lockett;WR;LV;98,1;0;;;;;;;;;;;;;;;;;
42;Stefon Diggs;WR;NE;96,5;0;;;;;;;;;;;;;;;;;
32;Nick Foles;QB;FA;96,1;0;;;;;;;;;;;;;;;;;
18;New York Giants;DST;NYG;96;0;;;;;;;;;;;;;;;;;
36;Theo Riddick;RB;FA;95,7;0;;;;;;;;;;;;;;;;;
37;Matt Jones;RB;FA;95,4;0;;;;;;;;;;;;;;;;;
43;Markus Wheaton;WR;FA;95,2;0;;;;;;;;;;;;;;;;;
19;Las Vegas Raiders;DST;LV;95;0;;;;;;;;;;;;;;;;;
33;Johnny Manziel;QB;FA;95;0;;;;;;;;;;;;;;;;;
44;Keenan Allen;WR;LAC;94,5;0;;;;;;;;;;;;;;;;;
38;Javorius Allen;RB;FA;93,7;0;;;;;;;;;;;;;;;;;
24;Caleb Sturgis;K;FA;92;0;;;;;;;;;;;;;;;;;
39;Justin Forsett;RB;FA;91,4;0;;;;;;;;;;;;;;;;;
34;Matt Hasselbeck;QB;FA;91,1;0;;;;;;;;;;;;;;;;;
25;Phil Dawson;K;FA;91;0;;;;;;;;;;;;;;;;;
40;Shane Vereen;RB;FA;91;0;;;;;;;;;;;;;;;;;
41;Antonio Andrews;RB;FA;90,7;0;;;;;;;;;;;;;;;;;
45;Rishard Matthews;WR;FA;90,6;0;;;;;;;;;;;;;;;;;
9;Richard Rodgers;TE;FA;90,2;0;;;;;;;;;;;;;;;;;
20;Atlanta Falcons;DST;ATL;90;0;;;;;;;;;;;;;;;;;
20;Buffalo Bills;DST;BUF;90;0;;;;;;;;;;;;;;;;;
46;Nate Washington;WR;FA;89,2;0;;;;;;;;;;;;;;;;;
47;Jermaine Kearse;WR;FA;89,1;0;;;;;;;;;;;;;;;;;
22;Baltimore Ravens;DST;BAL;89;0;;;;;;;;;;;;;;;;;
35;Peyton Manning;QB;FA;88,8;0;;;;;;;;;;;;;;;;;
42;Bilal Powell;RB;FA;88,1;0;;;;;;;;;;;;;;;;;
48;Anquan Boldin;WR;FA;87,8;0;;;;;;;;;;;;;;;;;
43;Le'Veon Bell;RB;FA;87,2;0;;;;;;;;;;;;;;;;;
44;Ameer Abdullah;RB;IND;86,9;0;;;;;;;;;;;;;;;;;
45;Alfred Blue;RB;FA;86,3;0;;;;;;;;;;;;;;;;;
49;Torrey Smith;WR;FA;86,2;0;;;;;;;;;;;;;;;;;
23;Jacksonville Jaguars;DST;JAC;86;0;;;;;;;;;;;;;;;;;
26;Greg Zuerlein;K;FA;86;0;;;;;;;;;;;;;;;;;
24;Detroit Lions;DST;DET;85;0;;;;;;;;;;;;;;;;;
24;Tennessee Titans;DST;TEN;85;0;;;;;;;;;;;;;;;;;
50;Steve Smith;WR;FA;85;0;;;;;;;;;;;;;;;;;
51;Terrance Williams;WR;FA;84,7;0;;;;;;;;;;;;;;;;;
46;Dion Lewis;RB;FA;84,2;0;;;;;;;;;;;;;;;;;
47;Darren Sproles;RB;FA;84,1;0;;;;;;;;;;;;;;;;;
10;Antonio Gates;TE;FA;83,6;0;;;;;;;;;;;;;;;;;
27;Randy Bullock;K;FA;82;0;;;;;;;;;;;;;;;;;
52;Danny Amendola;WR;FA;81,6;0;;;;;;;;;;;;;;;;;
11;Zach Ertz;TE;WAS;80,1;0;;;;;;;;;;;;;;;;;
48;Jamaal Charles;RB;FA;80,1;0;;;;;;;;;;;;;;;;;
26;Miami Dolphins;DST;MIA;80;0;;;;;;;;;;;;;;;;;
12;Kyle Rudolph;TE;FA;79,5;0;;;;;;;;;;;;;;;;;
27;Dallas Cowboys;DST;DAL;78;0;;;;;;;;;;;;;;;;;
53;Seth Roberts;WR;FA;78;0;;;;;;;;;;;;;;;;;
53;Kenny Britt;WR;FA;78;0;;;;;;;;;;;;;;;;;
49;Joique Bell;RB;FA;77,9;0;;;;;;;;;;;;;;;;;
50;Alfred Morris;RB;FA;76,6;0;;;;;;;;;;;;;;;;;
55;Marques Colston;WR;FA;76;0;;;;;;;;;;;;;;;;;
51;James White;RB;FA;75,8;0;;;;;;;;;;;;;;;;;
13;Jason Witten;TE;FA;75,5;0;;;;;;;;;;;;;;;;;
52;Melvin Gordon III;RB;FA;75,3;0;;;;;;;;;;;;;;;;;
14;Eric Ebron;TE;FA;75,2;0;;;;;;;;;;;;;;;;;
28;Nick Novak;K;FA;75;0;;;;;;;;;;;;;;;;;
28;Cleveland Browns;DST;CLE;75;0;;;;;;;;;;;;;;;;;
56;DeSean Jackson;WR;FA;74,8;0;;;;;;;;;;;;;;;;;
15;Julius Thomas;TE;FA;74,3;0;;;;;;;;;;;;;;;;;
57;Vincent Jackson;WR;FA;74,3;0;;;;;;;;;;;;;;;;;
29;Matt Bryant;K;FA;74;0;;;;;;;;;;;;;;;;;
16;Zach Miller;TE;FA;73,9;0;;;;;;;;;;;;;;;;;
29;Chicago Bears;DST;CHI;73;0;;;;;;;;;;;;;;;;;
30;Ryan Succop;K;FA;73;0;;;;;;;;;;;;;;;;;
58;Dorial Green-Beckham;WR;FA;72,8;0;;;;;;;;;;;;;;;;;
17;Jimmy Graham;TE;FA;72,5;0;;;;;;;;;;;;;;;;;
59;Malcom Floyd;WR;FA;72,1;0;;;;;;;;;;;;;;;;;
60;Robert Woods;WR;FA;71,2;0;;;;;;;;;;;;;;;;;
30;Los Angeles Chargers;DST;LAC;71;0;;;;;;;;;;;;;;;;;
18;Ladarius Green;TE;FA;70,9;0;;;;;;;;;;;;;;;;;
19;Charles Clay;TE;FA;70,8;0;;;;;;;;;;;;;;;;;
53;Carlos Hyde;RB;FA;70,3;0;;;;;;;;;;;;;;;;;
31;Andrew Franks;K;FA;70;0;;;;;;;;;;;;;;;;;
54;Marshawn Lynch;RB;FA;69,7;0;;;;;;;;;;;;;;;;;
20;Owen Daniels;TE;FA;68,2;0;;;;;;;;;;;;;;;;;
61;Cecil Shorts;WR;FA;67,9;0;;;;;;;;;;;;;;;;;
62;Steve Johnson;WR;FA;67,7;0;;;;;;;;;;;;;;;;;
36;Matt Cassel;QB;FA;66,8;0;;;;;;;;;;;;;;;;;
63;Corey Brown;WR;FA;66,7;0;;;;;;;;;;;;;;;;;
37;Brandon Weeden;QB;FA;66,4;0;;;;;;;;;;;;;;;;;
31;New Orleans Saints;DST;NO;66;0;;;;;;;;;;;;;;;;;
21;Jacob Tamme;TE;FA;65,6;0;;;;;;;;;;;;;;;;;
22;Crockett Gillmore;TE;FA;65,2;0;;;;;;;;;;;;;;;;;
32;Nick Folk;K;NYJ;65;0;;;;;;;;;;;;;;;;;
64;Dwayne Harris;WR;FA;64,8;0;;;;;;;;;;;;;;;;;
65;Brian Hartline;WR;FA;64,3;0;;;;;;;;;;;;;;;;;
55;Joseph Randle;RB;FA;64,1;0;;;;;;;;;;;;;;;;;
66;Andre Johnson;WR;FA;63,7;0;;;;;;;;;;;;;;;;;
56;Spencer Ware;RB;FA;63,2;0;;;;;;;;;;;;;;;;;
32;San Francisco 49ers;DST;SF;63;0;;;;;;;;;;;;;;;;;
67;Cole Beasley;WR;FA;62,3;0;;;;;;;;;;;;;;;;;
68;Dontrelle Inman;WR;FA;62,1;0;;;;;;;;;;;;;;;;;
33;Kai Forbath;K;FA;62;0;;;;;;;;;;;;;;;;;
23;Martellus Bennett;TE;FA;61,9;0;;;;;;;;;;;;;;;;;
69;Kenny Stills;WR;FA;60,9;0;;;;;;;;;;;;;;;;;
57;Dexter McCluster;RB;FA;60,7;0;;;;;;;;;;;;;;;;;
70;Kendall Wright;WR;FA;60,5;0;;;;;;;;;;;;;;;;;
24;Heath Miller;TE;FA;59,9;0;;;;;;;;;;;;;;;;;
71;Devin Funchess;WR;FA;59,3;0;;;;;;;;;;;;;;;;;
38;Ryan Mallett;QB;FA;58,9;0;;;;;;;;;;;;;;;;;
58;Andre Ellington;RB;FA;58,8;0;;;;;;;;;;;;;;;;;
59;Mike Tolbert;RB;FA;58,6;0;;;;;;;;;;;;;;;;;
72;Dez Bryant;WR;FA;58,1;0;;;;;;;;;;;;;;;;;
60;Tim Hightower;RB;FA;57,7;0;;;;;;;;;;;;;;;;;
73;Mike Wallace;WR;FA;57,7;0;;;;;;;;;;;;;;;;;
73;Jamison Crowder;WR;FA;57,7;0;;;;;;;;;;;;;;;;;
61;Jerick McKinnon;RB;FA;57,6;0;;;;;;;;;;;;;;;;;
75;Albert Wilson;WR;FA;57,3;0;;;;;;;;;;;;;;;;;
76;Chris Hogan;WR;FA;57;0;;;;;;;;;;;;;;;;;
77;Jerricho Cotchery;WR;FA;56,9;0;;;;;;;;;;;;;;;;;
78;Mohamed Sanu Sr.;WR;FA;56,8;0;;;;;;;;;;;;;;;;;
62;Chris Polk;RB;FA;55,9;0;;;;;;;;;;;;;;;;;
63;Chris Thompson;RB;FA;55,7;0;;;;;;;;;;;;;;;;;
79;Lance Moore;WR;FA;55,7;0;;;;;;;;;;;;;;;;;
80;Roddy White;WR;FA;55,6;0;;;;;;;;;;;;;;;;;
64;Arian Foster;RB;FA;55;0;;;;;;;;;;;;;;;;;
25;Coby Fleener;TE;FA;54,3;0;;;;;;;;;;;;;;;;;
26;Brent Celek;TE;FA;54;0;;;;;;;;;;;;;;;;;
65;Khiry Robinson;RB;FA;53,5;0;;;;;;;;;;;;;;;;;
27;Austin Seferian-Jenkins;TE;FA;53;0;;;;;;;;;;;;;;;;;
81;Marquess Wilson;WR;FA;52,4;0;;;;;;;;;;;;;;;;;
82;Brandon LaFell;WR;FA;51,7;0;;;;;;;;;;;;;;;;;
66;Shaun Draughn;RB;FA;50,9;0;;;;;;;;;;;;;;;;;
83;Davante Adams;WR;LAR;50,9;0;;;;;;;;;;;;;;;;;
84;DeVante Parker;WR;FA;50,8;0;;;;;;;;;;;;;;;;;
85;Leonard Hankerson;WR;FA;50,7;0;;;;;;;;;;;;;;;;;
28;Jordan Cameron;TE;FA;50;0;;;;;;;;;;;;;;;;;
29;Scott Chandler;TE;FA;49,9;0;;;;;;;;;;;;;;;;;
30;Will Tye;TE;FA;49,7;0;;;;;;;;;;;;;;;;;
86;Brandon Coleman;WR;FA;49,3;0;;;;;;;;;;;;;;;;;
87;Josh Huff;WR;FA;49,2;0;;;;;;;;;;;;;;;;;
67;Kyle Juszczyk;RB;SF;48,6;0;;;;;;;;;;;;;;;;;
88;Harry Douglas;WR;FA;48,6;0;;;;;;;;;;;;;;;;;
68;Marcel Reece;RB;FA;48,5;0;;;;;;;;;;;;;;;;;
31;Darren Fells;TE;FA;48,4;0;;;;;;;;;;;;;;;;;
32;Jared Cook;TE;FA;48,1;0;;;;;;;;;;;;;;;;;
69;Denard Robinson;RB;FA;48,1;0;;;;;;;;;;;;;;;;;
70;Brandon Bolden;RB;FA;47,1;0;;;;;;;;;;;;;;;;;
71;C.J. Spiller;RB;FA;47,1;0;;;;;;;;;;;;;;;;;
33;Vance McDonald;TE;FA;46,9;0;;;;;;;;;;;;;;;;;
34;Clive Walford;TE;FA;46,3;0;;;;;;;;;;;;;;;;;
35;Cameron Brate;TE;FA;45,8;0;;;;;;;;;;;;;;;;;
72;Fred Jackson;RB;FA;45,1;0;;;;;;;;;;;;;;;;;
34;Zach Hocker;K;FA;45;0;;;;;;;;;;;;;;;;;
73;Mike Gillislee;RB;FA;44,8;0;;;;;;;;;;;;;;;;;
89;Riley Cooper;WR;FA;44,7;0;;;;;;;;;;;;;;;;;
90;Andre Holmes;WR;FA;44,1;0;;;;;;;;;;;;;;;;;
91;Chris Givens;WR;FA;43,1;0;;;;;;;;;;;;;;;;;
92;Jarius Wright;WR;FA;43;0;;;;;;;;;;;;;;;;;
93;Bryan Walters;WR;FA;42,8;0;;;;;;;;;;;;;;;;;
94;Quinton Patton;WR;FA;42,6;0;;;;;;;;;;;;;;;;;
74;Jonathan Grimes;RB;FA;42,1;0;;;;;;;;;;;;;;;;;
35;Shayne Graham;K;FA;42;0;;;;;;;;;;;;;;;;;
75;Bishop Sankey;RB;FA;41,6;0;;;;;;;;;;;;;;;;;
36;Anthony Fasano;TE;FA;40,9;0;;;;;;;;;;;;;;;;;
39;Tony Romo;QB;FA;40,7;0;;;;;;;;;;;;;;;;;
40;AJ McCarron;QB;FA;40,7;0;;;;;;;;;;;;;;;;;
76;Tevin Coleman;RB;FA;40,6;0;;;;;;;;;;;;;;;;;
95;J.J. Nelson;WR;FA;39,9;0;;;;;;;;;;;;;;;;;
37;Vernon Davis;TE;FA;39,5;0;;;;;;;;;;;;;;;;;
41;E.J. Manuel;QB;FA;38,8;0;;;;;;;;;;;;;;;;;
96;Keshawn Martin;WR;FA;37,1;0;;;;;;;;;;;;;;;;;
38;Garrett Celek;TE;FA;36,6;0;;;;;;;;;;;;;;;;;
42;Zach Mettenberger;QB;FA;36,3;0;;;;;;;;;;;;;;;;;
97;Darrius Heyward-Bey;WR;FA;36;0;;;;;;;;;;;;;;;;;
77;Jay Ajayi;RB;FA;35,5;0;;;;;;;;;;;;;;;;;
39;Ryan Griffin;TE;FA;34,4;0;;;;;;;;;;;;;;;;;
40;Larry Donnell;TE;FA;34,3;0;;;;;;;;;;;;;;;;;
43;Case Keenum;QB;CHI;34,2;0;;;;;;;;;;;;;;;;;
44;Jimmy Clausen;QB;FA;33,2;0;;;;;;;;;;;;;;;;;
78;Ahmad Bradshaw;RB;FA;32,9;0;;;;;;;;;;;;;;;;;
41;Lance Kendricks;TE;FA;32,8;0;;;;;;;;;;;;;;;;;
41;Mychal Rivera;TE;FA;32,8;0;;;;;;;;;;;;;;;;;
45;Mark Sanchez;QB;FA;32,8;0;;;;;;;;;;;;;;;;;
79;Ka'Deem Carey;RB;FA;32,8;0;;;;;;;;;;;;;;;;;
98;Justin Hunter;WR;FA;32,4;0;;;;;;;;;;;;;;;;;
99;Adam Humphries;WR;FA;32;0;;;;;;;;;;;;;;;;;
80;Andre Williams;RB;FA;31,8;0;;;;;;;;;;;;;;;;;
81;Benny Cunningham Jr.;RB;FA;31,8;0;;;;;;;;;;;;;;;;;
100;Quincy Enunwa;WR;FA;31;0;;;;;;;;;;;;;;;;;
101;Ryan Grant;WR;FA;31;0;;;;;;;;;;;;;;;;;
102;Percy Harvin;WR;FA;30,9;0;;;;;;;;;;;;;;;;;
46;Michael Vick;QB;FA;30,7;0;;;;;;;;;;;;;;;;;
103;Jeremy Butler;WR;FA;30,6;0;;;;;;;;;;;;;;;;;
104;Nelson Agholor;WR;FA;30;0;;;;;;;;;;;;;;;;;
105;Eddie Royal;WR;FA;29,7;0;;;;;;;;;;;;;;;;;
36;Kyle Brindza;K;FA;29;0;;;;;;;;;;;;;;;;;
82;Donald Brown;RB;FA;28,6;0;;;;;;;;;;;;;;;;;
83;Zach Line;RB;FA;28,5;0;;;;;;;;;;;;;;;;;
106;Jaelen Strong;WR;FA;28,5;0;;;;;;;;;;;;;;;;;
107;Miles Austin;WR;FA;28,4;0;;;;;;;;;;;;;;;;;
84;Lance Dunbar;RB;FA;28,2;0;;;;;;;;;;;;;;;;;
108;Nick Williams;WR;FA;27,9;0;;;;;;;;;;;;;;;;;
85;Robert Turbin;RB;FA;27,7;0;;;;;;;;;;;;;;;;;
109;Andrew Hawkins;WR;FA;27,6;0;;;;;;;;;;;;;;;;;
43;Maxx Williams;TE;FA;27,5;0;;;;;;;;;;;;;;;;;
110;De'Anthony Thomas;WR;FA;27,4;0;;;;;;;;;;;;;;;;;
44;Luke Willson;TE;FA;27,3;0;;;;;;;;;;;;;;;;;
111;Jeremy Kerley;WR;FA;27,2;0;;;;;;;;;;;;;;;;;
37;Josh Scobee;K;FA;27;0;;;;;;;;;;;;;;;;;
86;Ty Montgomery II;RB;FA;27;0;;;;;;;;;;;;;;;;;
47;Matt Schaub;QB;FA;26,6;0;;;;;;;;;;;;;;;;;
112;Marqise Lee;WR;FA;25,9;0;;;;;;;;;;;;;;;;;
45;Jermaine Gresham;TE;FA;24,7;0;;;;;;;;;;;;;;;;;
87;Matt Asiata;RB;FA;24,4;0;;;;;;;;;;;;;;;;;
87;Orleans Darkwa;RB;FA;24,4;0;;;;;;;;;;;;;;;;;
113;Phillip Dorsett II;WR;LV;24,3;0;;;;;;;;;;;;;;;;;
114;Stedman Bailey;WR;FA;24,2;0;;;;;;;;;;;;;;;;;
46;Ed Dickson;TE;FA;24,1;0;;;;;;;;;;;;;;;;;
47;Craig Stevens;TE;FA;24,1;0;;;;;;;;;;;;;;;;;
115;Taylor Gabriel;WR;FA;24,1;0;;;;;;;;;;;;;;;;;
89;Jamize Olawale;RB;FA;24;0;;;;;;;;;;;;;;;;;
116;Chris Conley;WR;FA;23,7;0;;;;;;;;;;;;;;;;;
48;Josh Hill;TE;FA;23,6;0;;;;;;;;;;;;;;;;;
117;Josh Bellamy;WR;FA;23,5;0;;;;;;;;;;;;;;;;;
49;Michael Hoomanawanui;TE;FA;23,2;0;;;;;;;;;;;;;;;;;
90;Fozzy Whittaker;RB;FA;23,2;0;;;;;;;;;;;;;;;;;
91;Tre Mason;RB;FA;23,1;0;;;;;;;;;;;;;;;;;
48;T.J. Yates;QB;FA;22,8;0;;;;;;;;;;;;;;;;;
92;Jonas Gray;RB;FA;22,5;0;;;;;;;;;;;;;;;;;
118;Griff Whalen;WR;FA;22,5;0;;;;;;;;;;;;;;;;;
93;Patrick DiMarco;RB;FA;22,3;0;;;;;;;;;;;;;;;;;
49;Landry Jones;QB;FA;22;0;;;;;;;;;;;;;;;;;
94;Branden Oliver;RB;FA;22;0;;;;;;;;;;;;;;;;;
94;Taiwan Jones;RB;FA;22;0;;;;;;;;;;;;;;;;;
50;Virgil Green;TE;FA;21,9;0;;;;;;;;;;;;;;;;;
96;Travaris Cadet;RB;FA;21,9;0;;;;;;;;;;;;;;;;;
97;Terron Ward;RB;FA;21,7;0;;;;;;;;;;;;;;;;;
98;Zac Stacy;RB;FA;21,4;0;;;;;;;;;;;;;;;;;
51;Clay Harbor;TE;FA;21,1;0;;;;;;;;;;;;;;;;;
119;Rashad Greene;WR;FA;20,8;0;;;;;;;;;;;;;;;;;
52;Bruce Miller;TE;FA;20,7;0;;;;;;;;;;;;;;;;;
120;Jaron Brown;WR;FA;20,4;0;;;;;;;;;;;;;;;;;
53;Derek Carrier;TE;FA;20,1;0;;;;;;;;;;;;;;;;;
50;Geno Smith;QB;LV;20;0;;;;;;;;;;;;;;;;;
121;Marc Mariani;WR;FA;20;0;;;;;;;;;;;;;;;;;
121;Bennie Fowler III;WR;FA;20;0;;;;;;;;;;;;;;;;;
99;Kerwynn Williams;RB;FA;19,8;0;;;;;;;;;;;;;;;;;
123;Brice Butler;WR;FA;19,8;0;;;;;;;;;;;;;;;;;
124;Louis Murphy;WR;FA;19,8;0;;;;;;;;;;;;;;;;;
125;Andre Caldwell;WR;FA;19,5;0;;;;;;;;;;;;;;;;;
126;Greg Jennings;WR;FA;19,4;0;;;;;;;;;;;;;;;;;
54;C.J. Fiedorowicz;TE;FA;19,3;0;;;;;;;;;;;;;;;;;
100;Damien Williams;RB;FA;19,2;0;;;;;;;;;;;;;;;;;
101;Terrance West;RB;FA;19;0;;;;;;;;;;;;;;;;;
55;Tyler Kroft;TE;FA;18,9;0;;;;;;;;;;;;;;;;;
102;John Kuhn;RB;FA;18,7;0;;;;;;;;;;;;;;;;;
56;Rhett Ellison;TE;FA;18,6;0;;;;;;;;;;;;;;;;;
57;Marcedes Lewis;TE;DEN;18,1;0;;;;;;;;;;;;;;;;;
57;Blake Bell;TE;FA;18,1;0;;;;;;;;;;;;;;;;;
103;Cameron Artis-Payne;RB;FA;18;0;;;;;;;;;;;;;;;;;
104;Jalston Fowler;RB;FA;17,7;0;;;;;;;;;;;;;;;;;
59;Nick Boyle;TE;FA;17,3;0;;;;;;;;;;;;;;;;;
38;Cody Parkey;K;FA;17;0;;;;;;;;;;;;;;;;;
60;Dwayne Allen;TE;FA;17;0;;;;;;;;;;;;;;;;;
127;T.J. Jones;WR;FA;16,9;0;;;;;;;;;;;;;;;;;
61;Jake Stoneburner;TE;FA;16,7;0;;;;;;;;;;;;;;;;;
128;Kenbrell Thompkins;WR;FA;16,5;0;;;;;;;;;;;;;;;;;
62;Justin Perillo;TE;FA;16,2;0;;;;;;;;;;;;;;;;;
129;Donteea Dye;WR;FA;16,1;0;;;;;;;;;;;;;;;;;
130;Chris Matthews;WR;FA;16;0;;;;;;;;;;;;;;;;;
130;Justin Hardy;WR;FA;16;0;;;;;;;;;;;;;;;;;
132;Jordan Norwood;WR;FA;15,9;0;;;;;;;;;;;;;;;;;
105;Christine Michael;RB;FA;15,7;0;;;;;;;;;;;;;;;;;
133;Javontee Herndon;WR;FA;15,7;0;;;;;;;;;;;;;;;;;
106;Knile Davis;RB;FA;15,6;0;;;;;;;;;;;;;;;;;
134;Devin Smith;WR;FA;15,5;0;;;;;;;;;;;;;;;;;
63;Chris Gragg;TE;FA;15;0;;;;;;;;;;;;;;;;;
135;Adam Thielen;WR;MIN;15;0;;;;;;;;;;;;;;;;;
136;Myles White;WR;FA;14,8;0;;;;;;;;;;;;;;;;;
107;Roy Helu;RB;FA;14,6;0;;;;;;;;;;;;;;;;;
64;Troy Niklas;TE;FA;14,5;0;;;;;;;;;;;;;;;;;
137;Devin Street;WR;FA;14,3;0;;;;;;;;;;;;;;;;;
108;Anthony Dixon;RB;FA;14,2;0;;;;;;;;;;;;;;;;;
138;Aaron Dobson;WR;FA;14,1;0;;;;;;;;;;;;;;;;;
138;Marlon Moore;WR;FA;14,1;0;;;;;;;;;;;;;;;;;
109;Rex Burkhead;RB;FA;13,8;0;;;;;;;;;;;;;;;;;
65;Jesse James;TE;FA;13,6;0;;;;;;;;;;;;;;;;;
110;Lorenzo Taliaferro;RB;FA;13,6;0;;;;;;;;;;;;;;;;;
140;Andre Roberts;WR;FA;13,5;0;;;;;;;;;;;;;;;;;
51;Austin Davis;QB;FA;13,4;0;;;;;;;;;;;;;;;;;
141;Ty Montgomery II;RB;FA;13,4;0;;;;;;;;;;;;;;;;;
66;Lee Smith;TE;FA;13;0;;;;;;;;;;;;;;;;;
67;John Phillips;TE;FA;12,9;0;;;;;;;;;;;;;;;;;
68;Jack Doyle;TE;FA;12,9;0;;;;;;;;;;;;;;;;;
142;Keith Mumphery;WR;FA;12,9;0;;;;;;;;;;;;;;;;;
142;Ricardo Lockette;WR;FA;12,9;0;;;;;;;;;;;;;;;;;
69;Tim Wright;TE;FA;12,8;0;;;;;;;;;;;;;;;;;
70;Brandon Pettigrew;TE;FA;12,7;0;;;;;;;;;;;;;;;;;
70;Dion Sims;TE;FA;12,7;0;;;;;;;;;;;;;;;;;
70;Brandon Myers;TE;FA;12,7;0;;;;;;;;;;;;;;;;;
144;Charles Johnson;WR;FA;12,7;0;;;;;;;;;;;;;;;;;
111;Dan Herron;RB;FA;12,2;0;;;;;;;;;;;;;;;;;
145;Cody Latimer;WR;FA;12;0;;;;;;;;;;;;;;;;;
146;Brandon Tate;WR;FA;11,9;0;;;;;;;;;;;;;;;;;
73;Luke Stocker;TE;FA;11,8;0;;;;;;;;;;;;;;;;;
147;Marcus Easley;WR;FA;11,8;0;;;;;;;;;;;;;;;;;
52;Luke McCown;QB;FA;11,4;0;;;;;;;;;;;;;;;;;
148;Jerome Simpson;WR;FA;11,4;0;;;;;;;;;;;;;;;;;
112;DuJuan Harris;RB;FA;11,3;0;;;;;;;;;;;;;;;;;
112;Pierre Thomas;RB;FA;11,3;0;;;;;;;;;;;;;;;;;
149;Rashad Ross;WR;FA;11,3;0;;;;;;;;;;;;;;;;;
150;Marlon Brown;WR;FA;11,2;0;;;;;;;;;;;;;;;;;
150;Michael Campanaro;WR;FA;11,2;0;;;;;;;;;;;;;;;;;
152;Jared Abbrederis;WR;FA;11,1;0;;;;;;;;;;;;;;;;;
114;Kendall Gaskins;RB;FA;10,7;0;;;;;;;;;;;;;;;;;
74;Gavin Escobar;TE;FA;10,4;0;;;;;;;;;;;;;;;;;
153;Jason Avant;WR;FA;10,4;0;;;;;;;;;;;;;;;;;
115;Will Johnson;RB;FA;10,3;0;;;;;;;;;;;;;;;;;
154;Lucky Whitehead;WR;FA;10,3;0;;;;;;;;;;;;;;;;;
155;Cameron Meredith;WR;FA;10,1;0;;;;;;;;;;;;;;;;;
53;Dan Orlovsky;QB;FA;10;0;;;;;;;;;;;;;;;;;
116;Juwan Thompson;RB;FA;9,9;0;;;;;;;;;;;;;;;;;
116;Ryan Hewitt;RB;FA;9,9;0;;;;;;;;;;;;;;;;;
116;Austin Johnson;RB;FA;9,9;0;;;;;;;;;;;;;;;;;
54;Matt McGloin;QB;FA;9,7;0;;;;;;;;;;;;;;;;;
55;Kellen Moore;QB;FA;9,7;0;;;;;;;;;;;;;;;;;
156;Bruce Ellington;WR;FA;9,6;0;;;;;;;;;;;;;;;;;
157;Brenton Bersin;WR;FA;9,4;0;;;;;;;;;;;;;;;;;
119;Michael Burton;RB;DEN;9,3;0;;;;;;;;;;;;;;;;;
75;Garrett Graham;TE;FA;9;0;;;;;;;;;;;;;;;;;
76;MyCole Pruitt;TE;FA;8,9;0;;;;;;;;;;;;;;;;;
77;Cooper Helfet;TE;FA;8,8;0;;;;;;;;;;;;;;;;;
158;Bradley Marquez;WR;FA;8,8;0;;;;;;;;;;;;;;;;;
158;Russell Shepard;WR;FA;8,8;0;;;;;;;;;;;;;;;;;
78;James O'Shaughnessy;TE;FA;8,7;0;;;;;;;;;;;;;;;;;
120;Kenjon Barner;RB;FA;8,7;0;;;;;;;;;;;;;;;;;
160;Wes Welker;WR;FA;8,6;0;;;;;;;;;;;;;;;;;
121;Akeem Hunt;RB;FA;8;0;;;;;;;;;;;;;;;;;
161;Chris Owusu;WR;FA;8;0;;;;;;;;;;;;;;;;;
162;Jeff Janis;WR;FA;7,9;0;;;;;;;;;;;;;;;;;
163;Brian Quick;WR;FA;7,9;0;;;;;;;;;;;;;;;;;
79;Kellen Davis;TE;FA;7,8;0;;;;;;;;;;;;;;;;;
80;Jeff Cumberland;TE;FA;7,7;0;;;;;;;;;;;;;;;;;
122;Zurlon Tipton;RB;FA;7,7;0;;;;;;;;;;;;;;;;;
164;Darius Jennings;WR;FA;7,2;0;;;;;;;;;;;;;;;;;
123;Zach Zenner;RB;FA;7,1;0;;;;;;;;;;;;;;;;;
123;David Cobb;RB;FA;7,1;0;;;;;;;;;;;;;;;;;
165;Tre McBride III;WR;FA;6,8;0;;;;;;;;;;;;;;;;;
56;Ryan Nassib;QB;FA;6,7;0;;;;;;;;;;;;;;;;;
125;Toby Gerhart;RB;FA;6,7;0;;;;;;;;;;;;;;;;;
57;Kellen Clemens;QB;FA;6,4;0;;;;;;;;;;;;;;;;;
81;Daniel Brown;TE;FA;6,4;0;;;;;;;;;;;;;;;;;
126;Stepfan Taylor;RB;FA;6,2;0;;;;;;;;;;;;;;;;;
82;Jim Dray;TE;FA;6,1;0;;;;;;;;;;;;;;;;;
83;Daniel Fells;TE;FA;6;0;;;;;;;;;;;;;;;;;
84;Jerome Cunningham;TE;FA;5,9;0;;;;;;;;;;;;;;;;;
85;Demetrius Harris;TE;FA;5,9;0;;;;;;;;;;;;;;;;;
127;Stevan Ridley;RB;FA;5,9;0;;;;;;;;;;;;;;;;;
127;Jarryd Hayne;RB;FA;5,9;0;;;;;;;;;;;;;;;;;
129;Tommy Bohanon;RB;FA;5,8;0;;;;;;;;;;;;;;;;;
86;Levine Toilolo;TE;FA;5,6;0;;;;;;;;;;;;;;;;;
166;Corey Fuller;WR;FA;5,6;0;;;;;;;;;;;;;;;;;
167;Dwayne Bowe;WR;FA;5,3;0;;;;;;;;;;;;;;;;;
130;Josh Robinson;RB;FA;5,2;0;;;;;;;;;;;;;;;;;
130;Bryce Brown;RB;FA;5,2;0;;;;;;;;;;;;;;;;;
87;James Hanna;TE;FA;5,1;0;;;;;;;;;;;;;;;;;
132;Jacquizz Rodgers;RB;FA;5,1;0;;;;;;;;;;;;;;;;;
132;Joey Iosefa;RB;FA;5,1;0;;;;;;;;;;;;;;;;;
88;Trey Burton;TE;FA;4,9;0;;;;;;;;;;;;;;;;;
134;Mike Davis;RB;FA;4,7;0;;;;;;;;;;;;;;;;;
135;Reggie Bush;RB;FA;4,7;0;;;;;;;;;;;;;;;;;
89;Chase Coffman;TE;FA;4,2;0;;;;;;;;;;;;;;;;;
58;Charlie Whitehurst;QB;FA;4,1;0;;;;;;;;;;;;;;;;;
136;Will Tukuafu;RB;FA;4,1;0;;;;;;;;;;;;;;;;;
168;Preston Parker;WR;FA;4;0;;;;;;;;;;;;;;;;;
168;Paul Richardson Jr.;WR;FA;4;0;;;;;;;;;;;;;;;;;
90;Nick O'Leary;TE;FA;3,7;0;;;;;;;;;;;;;;;;;
170;Deonte Thompson;WR;FA;3,6;0;;;;;;;;;;;;;;;;;
137;Bobby Rainey;RB;FA;3,4;0;;;;;;;;;;;;;;;;;
138;Jay Prosch;RB;FA;3,3;0;;;;;;;;;;;;;;;;;
139;Derrick Coleman;RB;FA;3,2;0;;;;;;;;;;;;;;;;;
91;Andrew Quarless;TE;FA;3,1;0;;;;;;;;;;;;;;;;;
171;Hakeem Nicks;WR;FA;3;0;;;;;;;;;;;;;;;;;
171;Jeremy Ross;WR;FA;3;0;;;;;;;;;;;;;;;;;
59;B.J. Daniels;QB;FA;2,7;0;;;;;;;;;;;;;;;;;
92;Michael Williams;TE;FA;2,6;0;;;;;;;;;;;;;;;;;
173;Kevin Smith;WR;FA;2,6;0;;;;;;;;;;;;;;;;;
140;Darrel Young;RB;FA;2,5;0;;;;;;;;;;;;;;;;;
174;Andrew Turzilli;WR;FA;2,5;0;;;;;;;;;;;;;;;;;
175;Trevor Graham;WR;FA;2,4;0;;;;;;;;;;;;;;;;;
175;Marquise Goodwin;WR;FA;2,4;0;;;;;;;;;;;;;;;;;
93;Matt LaCosse;TE;FA;2,2;0;;;;;;;;;;;;;;;;;
141;Jordan Todman;RB;FA;2,2;0;;;;;;;;;;;;;;;;;
177;Vincent Brown;WR;FA;2,2;0;;;;;;;;;;;;;;;;;
142;John Crockett;RB;FA;2,1;0;;;;;;;;;;;;;;;;;
178;Geremy Davis;WR;FA;2,1;0;;;;;;;;;;;;;;;;;
143;Tyler Varga;RB;FA;2;0;;;;;;;;;;;;;;;;;
144;Alonzo Harris;RB;FA;1,9;0;;;;;;;;;;;;;;;;;
94;Darren Waller;TE;MIA;1,8;0;;;;;;;;;;;;;;;;;
145;Aaron Ripkowski;RB;FA;1,8;0;;;;;;;;;;;;;;;;;
145;Bernard Pierce;RB;FA;1,8;0;;;;;;;;;;;;;;;;;
147;Fitzgerald Toussaint;RB;FA;1,8;0;;;;;;;;;;;;;;;;;
179;DeAndrew White;WR;FA;1,8;0;;;;;;;;;;;;;;;;;
148;Roosevelt Nix;RB;FA;1,6;0;;;;;;;;;;;;;;;;;
180;Tyler Murphy;WR;FA;1,6;0;;;;;;;;;;;;;;;;;
95;Rob Housler;TE;FA;1,5;0;;;;;;;;;;;;;;;;;
149;Steven Jackson;RB;FA;1,5;0;;;;;;;;;;;;;;;;;
149;Malcolm Johnson;RB;FA;1,5;0;;;;;;;;;;;;;;;;;
181;Mario Alford;WR;FA;1,5;0;;;;;;;;;;;;;;;;;
181;Eric Weems;WR;FA;1,5;0;;;;;;;;;;;;;;;;;
60;Derek Anderson;QB;FA;1,4;0;;;;;;;;;;;;;;;;;
96;Cory Harkey;TE;FA;1,4;0;;;;;;;;;;;;;;;;;
151;Jerome Felton;RB;FA;1,4;0;;;;;;;;;;;;;;;;;
183;Chandler Worthy;WR;FA;1,4;0;;;;;;;;;;;;;;;;;
152;Jorvorskie Lane;RB;FA;1,3;0;;;;;;;;;;;;;;;;;
152;Anthony Sherman;RB;FA;1,3;0;;;;;;;;;;;;;;;;;
61;Sean Mannion;QB;FA;1,2;0;;;;;;;;;;;;;;;;;
97;Phillip Supernaw;TE;FA;1,2;0;;;;;;;;;;;;;;;;;
98;Tony Moeaki;TE;FA;1,1;0;;;;;;;;;;;;;;;;;
154;Antone Smith;RB;FA;1,1;0;;;;;;;;;;;;;;;;;
154;Rod Smith;RB;FA;1,1;0;;;;;;;;;;;;;;;;;
184;Jonathan Krause;WR;FA;1,1;0;;;;;;;;;;;;;;;;;
184;Sammie Coates;WR;FA;1,1;0;;;;;;;;;;;;;;;;;
99;Scott Simonson;TE;FA;1;0;;;;;;;;;;;;;;;;;
99;Matt Spaeth;TE;FA;1;0;;;;;;;;;;;;;;;;;
186;Ben Edwards;WR;FA;0,9;0;;;;;;;;;;;;;;;;;
187;Tony Washington;WR;FA;0,8;0;;;;;;;;;;;;;;;;;
187;Rod Streater;WR;FA;0,8;0;;;;;;;;;;;;;;;;;
101;Khari Lee;TE;FA;0,7;0;;;;;;;;;;;;;;;;;
101;E.J. Bibbs;TE;FA;0,7;0;;;;;;;;;;;;;;;;;
156;Terrence Magee;RB;FA;0,7;0;;;;;;;;;;;;;;;;;
103;Nic Jacobs;TE;FA;0,6;0;;;;;;;;;;;;;;;;;
103;Brian Parker;TE;FA;0,6;0;;;;;;;;;;;;;;;;;
189;Damaris Johnson;WR;FA;0,6;0;;;;;;;;;;;;;;;;;
62;Matt Moore;QB;FA;0,4;0;;;;;;;;;;;;;;;;;
105;C.J. Uzomah;TE;FA;0,4;0;;;;;;;;;;;;;;;;;
105;Brian Leonhardt;TE;FA;0,4;0;;;;;;;;;;;;;;;;;
157;Tyler Clutts;RB;FA;0,4;0;;;;;;;;;;;;;;;;;
190;Seyi Ajirotutu;WR;FA;0,4;0;;;;;;;;;;;;;;;;;
107;Matthew Mulligan;TE;FA;0,2;0;;;;;;;;;;;;;;;;;
107;MarQueis Gray;TE;FA;0,2;0;;;;;;;;;;;;;;;;;
158;Kendall Hunter;RB;FA;0,2;0;;;;;;;;;;;;;;;;;
63;Shaun Hill;QB;FA;0,1;0;;;;;;;;;;;;;;;;;
109;Asante Cleveland;TE;FA;0,1;0;;;;;;;;;;;;;;;;;
159;George Winn;RB;FA;0,1;0;;;;;;;;;;;;;;;;;
39;Jonathan Brown;K;FA;0;0;;;;;;;;;;;;;;;;;
39;Jordan Gay;K;FA;0;0;;;;;;;;;;;;;;;;;
39;Billy Cundiff;K;FA;0;0;;;;;;;;;;;;;;;;;
64;Colt McCoy;QB;FA;0;0;;;;;;;;;;;;;;;;;
65;Chase Daniel;QB;FA;0;0;;;;;;;;;;;;;;;;;
73;Josh Freeman;QB;FA;0;0;;;;;;;;;;;;;;;;;
73;Alex Tanney;QB;FA;0;0;;;;;;;;;;;;;;;;;
73;Ryan Lindley;QB;FA;0;0;;;;;;;;;;;;;;;;;
110;Bear Pascoe;TE;FA;0;0;;;;;;;;;;;;;;;;;
110;Geoff Swaim;TE;FA;0;0;;;;;;;;;;;;;;;;;
110;Mitchell Henry;TE;FA;0;0;;;;;;;;;;;;;;;;;
110;Wes Saxton;TE;FA;0;0;;;;;;;;;;;;;;;;;
110;Mickey Shuler;TE;FA;0;0;;;;;;;;;;;;;;;;;
110;Neal Sterling;TE;FA;0;0;;;;;;;;;;;;;;;;;
110;Konrad Reuland;TE;FA;0;0;;;;;;;;;;;;;;;;;
110;Richard Gordon;TE;FA;0;0;;;;;;;;;;;;;;;;;
110;Clark Harris;TE;FA;0;0;;;;;;;;;;;;;;;;;
110;Marcel Jensen;TE;FA;0;0;;;;;;;;;;;;;;;;;
110;Alex Smith;TE;FA;0;0;;;;;;;;;;;;;;;;;
110;Brandon Williams;TE;FA;0;0;;;;;;;;;;;;;;;;;
110;Anthony McCoy;TE;FA;0;0;;;;;;;;;;;;;;;;;
110;Kyle Miller;TE;FA;0;0;;;;;;;;;;;;;;;;;
110;Beau Brinkley;TE;FA;0;0;;;;;;;;;;;;;;;;;
110;Mike Leach;TE;FA;0;0;;;;;;;;;;;;;;;;;
110;Kennard Backman;TE;FA;0;0;;;;;;;;;;;;;;;;;
110;James Casey;TE;FA;0;0;;;;;;;;;;;;;;;;;
110;Justice Cunningham;TE;FA;0;0;;;;;;;;;;;;;;;;;
110;Erik Swoope;TE;FA;0;0;;;;;;;;;;;;;;;;;
110;Je'Ron Hamm;TE;FA;0;0;;;;;;;;;;;;;;;;;
110;Greg Scruggs;TE;FA;0;0;;;;;;;;;;;;;;;;;
110;Kyle Nelson;TE;FA;0;0;;;;;;;;;;;;;;;;;
110;Richie Brockel;TE;FA;0;0;;;;;;;;;;;;;;;;;
160;Joe Banyard;RB;FA;0;0;;;;;;;;;;;;;;;;;
160;Keith Smith;RB;FA;0;0;;;;;;;;;;;;;;;;;
160;Bruce Miller;TE;FA;0;0;;;;;;;;;;;;;;;;;
160;Dri Archer;RB;FA;0;0;;;;;;;;;;;;;;;;;
160;Trey Watts;RB;FA;0;0;;;;;;;;;;;;;;;;;
160;LaMichael James;RB;FA;0;0;;;;;;;;;;;;;;;;;
160;Drew Smith;RB;FA;0;0;;;;;;;;;;;;;;;;;
160;Raheem Mostert;RB;LV;0;0;;;;;;;;;;;;;;;;;
160;Nikita Whitlock;RB;FA;0;0;;;;;;;;;;;;;;;;;
160;Trey Williams;RB;FA;0;0;;;;;;;;;;;;;;;;;
160;Cedric Peerman;RB;FA;0;0;;;;;;;;;;;;;;;;;
160;Dreamius Smith;RB;FA;0;0;;;;;;;;;;;;;;;;;
160;Toben Opurum;RB;FA;0;0;;;;;;;;;;;;;;;;;
160;Chase Reynolds;RB;FA;0;0;;;;;;;;;;;;;;;;;
160;Kapri Bibbs;RB;FA;0;0;;;;;;;;;;;;;;;;;
180;Brandon Wegher;RB;FA;0;0;;;;;;;;;;;;;;;;;
180;Malcolm Brown;RB;FA;0;0;;;;;;;;;;;;;;;;;
191;Evan Spencer;WR;FA;0;0;;;;;;;;;;;;;;;;;
191;Nick Toon;WR;FA;0;0;;;;;;;;;;;;;;;;;
191;Seantavius Jones;WR;FA;0;0;;;;;;;;;;;;;;;;;
191;Vince Mayle;WR;FA;0;0;;;;;;;;;;;;;;;;;
191;J.J. Jones;WR;FA;0;0;;;;;;;;;;;;;;;;;
191;Rannell Hall;WR;FA;0;0;;;;;;;;;;;;;;;;;
191;Rico Richardson;WR;FA;0;0;;;;;;;;;;;;;;;;;
191;Kyle Williams;WR;FA;0;0;;;;;;;;;;;;;;;;;
191;Kasen Williams;WR;FA;0;0;;;;;;;;;;;;;;;;;
191;Walter Powell;WR;FA;0;0;;;;;;;;;;;;;;;;;
191;Matthew Slater;WR;FA;0;0;;;;;;;;;;;;;;;;;
191;Saalim Hakim;WR;FA;0;0;;;;;;;;;;;;;;;;;
191;Brittan Golden;WR;FA;0;0;;;;;;;;;;;;;;;;;
191;Joe Morgan;WR;FA;0;0;;;;;;;;;;;;;;;;;
191;Kevin Norwood;WR;FA;0;0;;;;;;;;;;;;;;;;;
191;James Wright;WR;FA;0;0;;;;;;;;;;;;;;;;;
191;Devin Hester;WR;FA;0;0;;;;;;;;;;;;;;;;;
191;Tyrell Williams;WR;FA;0;0;;;;;;;;;;;;;;;;;
191;Greg Salas;WR;FA;0;0;;;;;;;;;;;;;;;;;
191;Kaelin Clay;WR;FA;0;0;;;;;;;;;;;;;;;;;
191;Matt Hazel;WR;FA;0;0;;;;;;;;;;;;;;;;;
191;Dezmin Lewis;WR;FA;0;0;;;;;;;;;;;;;;;;;
191;Quan Bray;WR;FA;0;0;;;;;;;;;;;;;;;;;
66;Trevor Siemian;QB;TEN;-0,1;0;;;;;;;;;;;;;;;;;
66;Joe Webb III;QB;FA;-0,1;0;;;;;;;;;;;;;;;;;
68;Scott Tolzien;QB;FA;-0,1;0;;;;;;;;;;;;;;;;;
214;Terrelle Pryor Sr.;WR;FA;-0,1;0;;;;;;;;;;;;;;;;;
69;Tarvaris Jackson;QB;FA;-0,2;0;;;;;;;;;;;;;;;;;
175;Cierre Wood;RB;FA;-0,3;0;;;;;;;;;;;;;;;;;
70;Drew Stanton;QB;FA;-0,5;0;;;;;;;;;;;;;;;;;
70;Jimmy Garoppolo;QB;LAR;-0,5;0;;;;;;;;;;;;;;;;;
176;Corey Grant;RB;FA;-0,5;0;;;;;;;;;;;;;;;;;
134;David Johnson;TE;FA;-1,2;0;;;;;;;;;;;;;;;;;
177;Isaiah Pead;RB;FA;-1,7;0;;;;;;;;;;;;;;;;;
72;Sean Renfree;QB;FA;-2;0;;;;;;;;;;;;;;;;;
178;Marcus Murphy;RB;FA;-2;0;;;;;;;;;;;;;;;;;
215;Jacoby Jones;WR;FA;-2;0;;;;;;;;;;;;;;;;;
215;Frankie Hammond;WR;FA;-2;0;;;;;;;;;;;;;;;;;
215;Chris Harper;WR;FA;-2;0;;;;;;;;;;;;;;;;;
215;Denarius Moore;WR;FA;-2;0;;;;;;;;;;;;;;;;;
179;Glenn Winston;RB;FA;-2,8;0;;;;;;;;;;;;;;;;;
219;Marcus Thigpen;WR;FA;-4,1;0;;;;;;;;;;;;;;;;;
