category,achievement,description,team,season,week,opponent,value,scope,status
League Achievement,Total Wins - 25,Reached 25 total wins in league history.,Benni,2018.0,3.0,,25.0,R,AWARDED
League Achievement,Total Wins - 50,Reached 50 total wins in league history.,Benni,2021.0,3.0,,50.0,R,AWARDED
League Achievement,All-Play Wins - 250,Reached 250 all-play wins in league history.,Benni,2019.0,4.0,,250.0,R,AWARDED
League Achievement,All-Play Wins - 500,Reached 500 all-play wins in league history.,Benni,2023.0,4.0,,500.0,R,AWARDED
League Achievement,Total Points - 10000,"Reached 10,000 total points scored in league history.",Benni,2021.0,11.0,,10000.0,R,AWARDED
League Achievement,Total Losses - 25,Reached 25 total losses in league history.,Benni,2019.0,3.0,,25.0,R,AWARDED
League Achievement,Total Losses - 50,Reached 50 total losses in league history.,Benni,2023.0,10.0,,50.0,R,AWARDED
League Achievement,All-Play Losses - 250,Reached 250 all-play losses in league history.,Benni,2021.0,1.0,,250.0,R,AWARDED
League Achievement,Total Opponent Points - 10000,"Opponents have scored 10,000 total points against this team.",Benni,2022.0,3.0,,10000.0,R,AWARDED
League Achievement,Total Wins - 25,Reached 25 total wins in league history.,Erik,2018.0,4.0,,25.0,R,AWARDED
League Achievement,Total Wins - 50,Reached 50 total wins in league history.,Erik,2021.0,8.0,,50.0,R,AWARDED
League Achievement,All-Play Wins - 250,Reached 250 all-play wins in league history.,Erik,2019.0,3.0,,250.0,R,AWARDED
League Achievement,All-Play Wins - 500,Reached 500 all-play wins in league history.,Erik,2023.0,9.0,,500.0,R,AWARDED
League Achievement,Total Points - 10000,"Reached 10,000 total points scored in league history.",Erik,2021.0,11.0,,10000.0,R,AWARDED
League Achievement,Total Losses - 25,Reached 25 total losses in league history.,Erik,2018.0,9.0,,25.0,R,AWARDED
League Achievement,Total Losses - 50,Reached 50 total losses in league history.,Erik,2023.0,2.0,,50.0,R,AWARDED
League Achievement,All-Play Losses - 250,Reached 250 all-play losses in league history.,Erik,2021.0,5.0,,250.0,R,AWARDED
League Achievement,Total Opponent Points - 10000,"Opponents have scored 10,000 total points against this team.",Erik,2022.0,1.0,,10000.0,R,AWARDED
League Achievement,Total Wins - 25,Reached 25 total wins in league history.,Juschka,2019.0,1.0,,25.0,R,AWARDED
League Achievement,Total Wins - 50,Reached 50 total wins in league history.,Juschka,2023.0,6.0,,50.0,R,AWARDED
League Achievement,All-Play Wins - 250,Reached 250 all-play wins in league history.,Juschka,2020.0,8.0,,250.0,R,AWARDED
League Achievement,Total Points - 10000,"Reached 10,000 total points scored in league history.",Juschka,2022.0,5.0,,10000.0,R,AWARDED
League Achievement,Total Losses - 25,Reached 25 total losses in league history.,Juschka,2017.0,10.0,,25.0,R,AWARDED
League Achievement,Total Losses - 50,Reached 50 total losses in league history.,Juschka,2021.0,8.0,,50.0,R,AWARDED
League Achievement,All-Play Losses - 250,Reached 250 all-play losses in league history.,Juschka,2019.0,8.0,,250.0,R,AWARDED
League Achievement,All-Play Losses - 500,Reached 500 all-play losses in league history.,Juschka,2024.0,1.0,,500.0,R,AWARDED
League Achievement,Total Opponent Points - 10000,"Opponents have scored 10,000 total points against this team.",Juschka,2021.0,14.0,,10000.0,R,AWARDED
League Achievement,Total Wins - 25,Reached 25 total wins in league history.,Kessi,2019.0,1.0,,25.0,R,AWARDED
League Achievement,Total Wins - 50,Reached 50 total wins in league history.,Kessi,2023.0,2.0,,50.0,R,AWARDED
League Achievement,All-Play Wins - 250,Reached 250 all-play wins in league history.,Kessi,2021.0,2.0,,250.0,R,AWARDED
League Achievement,Total Points - 10000,"Reached 10,000 total points scored in league history.",Kessi,2022.0,6.0,,10000.0,R,AWARDED
League Achievement,Total Losses - 25,Reached 25 total losses in league history.,Kessi,2018.0,7.0,,25.0,R,AWARDED
League Achievement,Total Losses - 50,Reached 50 total losses in league history.,Kessi,2021.0,8.0,,50.0,R,AWARDED
League Achievement,All-Play Losses - 250,Reached 250 all-play losses in league history.,Kessi,2019.0,5.0,,250.0,R,AWARDED
League Achievement,All-Play Losses - 500,Reached 500 all-play losses in league history.,Kessi,2023.0,10.0,,500.0,R,AWARDED
League Achievement,Total Opponent Points - 10000,"Opponents have scored 10,000 total points against this team.",Kessi,2022.0,5.0,,10000.0,R,AWARDED
League Achievement,Total Wins - 25,Reached 25 total wins in league history.,Marv,2018.0,10.0,,25.0,R,AWARDED
League Achievement,Total Wins - 50,Reached 50 total wins in league history.,Marv,2021.0,1.0,,50.0,R,AWARDED
League Achievement,All-Play Wins - 250,Reached 250 all-play wins in league history.,Marv,2020.0,2.0,,250.0,R,AWARDED
League Achievement,All-Play Wins - 500,Reached 500 all-play wins in league history.,Marv,2025.0,5.0,,500.0,R,AWARDED
League Achievement,Total Points - 10000,"Reached 10,000 total points scored in league history.",Marv,2022.0,1.0,,10000.0,R,AWARDED
League Achievement,Total Losses - 25,Reached 25 total losses in league history.,Marv,2018.0,3.0,,25.0,R,AWARDED
League Achievement,Total Losses - 50,Reached 50 total losses in league history.,Marv,2022.0,12.0,,50.0,R,AWARDED
League Achievement,All-Play Losses - 250,Reached 250 all-play losses in league history.,Marv,2020.0,3.0,,250.0,R,AWARDED
League Achievement,All-Play Losses - 500,Reached 500 all-play losses in league history.,Marv,2024.0,12.0,,500.0,R,AWARDED
League Achievement,Total Opponent Points - 10000,"Opponents have scored 10,000 total points against this team.",Marv,2022.0,4.0,,10000.0,R,AWARDED
League Achievement,Total Wins - 25,Reached 25 total wins in league history.,Ritz,2017.0,11.0,,25.0,R,AWARDED
League Achievement,Total Wins - 50,Reached 50 total wins in league history.,Ritz,2020.0,14.0,,50.0,R,AWARDED
League Achievement,All-Play Wins - 250,Reached 250 all-play wins in league history.,Ritz,2019.0,14.0,,250.0,R,AWARDED
League Achievement,All-Play Wins - 500,Reached 500 all-play wins in league history.,Ritz,2024.0,14.0,,500.0,R,AWARDED
League Achievement,Total Points - 10000,"Reached 10,000 total points scored in league history.",Ritz,2022.0,2.0,,10000.0,R,AWARDED
League Achievement,Total Losses - 25,Reached 25 total losses in league history.,Ritz,2019.0,8.0,,25.0,R,AWARDED
League Achievement,Total Losses - 50,Reached 50 total losses in league history.,Ritz,2023.0,8.0,,50.0,R,AWARDED
League Achievement,All-Play Losses - 250,Reached 250 all-play losses in league history.,Ritz,2020.0,3.0,,250.0,R,AWARDED
League Achievement,All-Play Losses - 500,Reached 500 all-play losses in league history.,Ritz,2025.0,7.0,,500.0,R,AWARDED
League Achievement,Total Opponent Points - 10000,"Opponents have scored 10,000 total points against this team.",Ritz,2022.0,5.0,,10000.0,R,AWARDED
League Achievement,Total Wins - 25,Reached 25 total wins in league history.,Simi,2018.0,8.0,,25.0,R,AWARDED
League Achievement,Total Wins - 50,Reached 50 total wins in league history.,Simi,2023.0,7.0,,50.0,R,AWARDED
League Achievement,All-Play Wins - 250,Reached 250 all-play wins in league history.,Simi,2020.0,6.0,,250.0,R,AWARDED
League Achievement,All-Play Wins - 500,Reached 500 all-play wins in league history.,Simi,2025.0,12.0,,500.0,R,AWARDED
League Achievement,Total Points - 10000,"Reached 10,000 total points scored in league history.",Simi,2022.0,5.0,,10000.0,R,AWARDED
League Achievement,Total Losses - 25,Reached 25 total losses in league history.,Simi,2018.0,7.0,,25.0,R,AWARDED
League Achievement,Total Losses - 50,Reached 50 total losses in league history.,Simi,2021.0,2.0,,50.0,R,AWARDED
League Achievement,All-Play Losses - 250,Reached 250 all-play losses in league history.,Simi,2019.0,12.0,,250.0,R,AWARDED
League Achievement,All-Play Losses - 500,Reached 500 all-play losses in league history.,Simi,2024.0,9.0,,500.0,R,AWARDED
League Achievement,Total Opponent Points - 10000,"Opponents have scored 10,000 total points against this team.",Simi,2021.0,14.0,,10000.0,R,AWARDED
League Achievement,Total Wins - 25,Reached 25 total wins in league history.,Tommy,2019.0,3.0,,25.0,R,AWARDED
League Achievement,Total Wins - 50,Reached 50 total wins in league history.,Tommy,2023.0,1.0,,50.0,R,AWARDED
League Achievement,All-Play Wins - 250,Reached 250 all-play wins in league history.,Tommy,2021.0,1.0,,250.0,R,AWARDED
League Achievement,All-Play Wins - 500,Reached 500 all-play wins in league history.,Tommy,2025.0,7.0,,500.0,R,AWARDED
League Achievement,Total Points - 10000,"Reached 10,000 total points scored in league history.",Tommy,2022.0,6.0,,10000.0,R,AWARDED
League Achievement,Total Losses - 25,Reached 25 total losses in league history.,Tommy,2017.0,11.0,,25.0,R,AWARDED
League Achievement,Total Losses - 50,Reached 50 total losses in league history.,Tommy,2020.0,11.0,,50.0,R,AWARDED
League Achievement,All-Play Losses - 250,Reached 250 all-play losses in league history.,Tommy,2019.0,10.0,,250.0,R,AWARDED
League Achievement,All-Play Losses - 500,Reached 500 all-play losses in league history.,Tommy,2024.0,14.0,,500.0,R,AWARDED
League Achievement,Total Opponent Points - 10000,"Opponents have scored 10,000 total points against this team.",Tommy,2022.0,2.0,,10000.0,R,AWARDED
Champion,Season Title,Team that finishes 1st in the regular-season standings.,Kessi,2015.0,,,1.0,,AWARDED
Champion,Season Title,Team that finishes 1st in the regular-season standings.,Marv,2016.0,,,1.0,,AWARDED
Champion,Season Title,Team that finishes 1st in the regular-season standings.,Simi,2017.0,,,1.0,,AWARDED
Champion,Season Title,Team that finishes 1st in the regular-season standings.,Ritz,2018.0,,,1.0,,AWARDED
Champion,Season Title,Team that finishes 1st in the regular-season standings.,Erik,2019.0,,,1.0,,AWARDED
Champion,Season Title,Team that finishes 1st in the regular-season standings.,Marv,2020.0,,,1.0,,AWARDED
Champion,Season Title,Team that finishes 1st in the regular-season standings.,Erik,2021.0,,,1.0,,AWARDED
Champion,Season Title,Team that finishes 1st in the regular-season standings.,Benni,2022.0,,,1.0,,AWARDED
Champion,Season Title,Team that finishes 1st in the regular-season standings.,Benni,2023.0,,,1.0,,AWARDED
Champion,Season Title,Team that finishes 1st in the regular-season standings.,Tommy,2024.0,,,1.0,,AWARDED
Champion,Season Title,Team that finishes 1st in the regular-season standings.,Ritz,2025.0,,,1.0,,AWARDED
Champion,Season Points Title,Team with the most points scored in the regular season.,Benni,2015.0,,,1478.48,,AWARDED
Champion,Season Points Title,Team with the most points scored in the regular season.,Marv,2016.0,,,1596.64,,AWARDED
Champion,Season Points Title,Team with the most points scored in the regular season.,Simi,2017.0,,,1489.68,,AWARDED
Champion,Season Points Title,Team with the most points scored in the regular season.,Benni,2018.0,,,1709.76,,AWARDED
Champion,Season Points Title,Team with the most points scored in the regular season.,Erik,2019.0,,,1641.36,,AWARDED
Champion,Season Points Title,Team with the most points scored in the regular season.,Marv,2020.0,,,1664.6200000000001,,AWARDED
Champion,Season Points Title,Team with the most points scored in the regular season.,Benni,2021.0,,,1577.46,,AWARDED
Champion,Season Points Title,Team with the most points scored in the regular season.,Benni,2022.0,,,1686.9199999999998,,AWARDED
Champion,Season Points Title,Team with the most points scored in the regular season.,Benni,2023.0,,,1547.52,,AWARDED
Champion,Season Points Title,Team with the most points scored in the regular season.,Tommy,2024.0,,,1564.74,,AWARDED
Champion,Season Points Title,Team with the most points scored in the regular season.,Ritz,2025.0,,,1487.26,,AWARDED
Champion,Season All-Play Title,Team with the best all-play record for the season.,Benni,2015.0,,,66.0,,AWARDED
Champion,Season All-Play Title,Team with the best all-play record for the season.,Marv,2016.0,,,75.0,,AWARDED
Champion,Season All-Play Title,Team with the best all-play record for the season.,Simi,2017.0,,,72.0,,AWARDED
Champion,Season All-Play Title,Team with the best all-play record for the season.,Ritz,2018.0,,,77.0,,AWARDED
Champion,Season All-Play Title,Team with the best all-play record for the season.,Erik,2019.0,,,76.0,,AWARDED
Champion,Season All-Play Title,Team with the best all-play record for the season.,Marv,2020.0,,,74.0,,AWARDED
Champion,Season All-Play Title,Team with the best all-play record for the season.,Benni,2021.0,,,66.0,,AWARDED
Champion,Season All-Play Title,Team with the best all-play record for the season.,Benni,2022.0,,,73.0,,AWARDED
Champion,Season All-Play Title,Team with the best all-play record for the season.,Tommy,2023.0,,,71.0,,AWARDED
Champion,Season All-Play Title,Team with the best all-play record for the season.,Tommy,2024.0,,,64.0,,AWARDED
Champion,Season All-Play Title,Team with the best all-play record for the season.,Benni,2025.0,,,58.0,,AWARDED
Champion,Triple Crown,"Wins Season Title, Season Points Title and Season All-Play Title in the same season.",Marv,2016.0,,,,,AWARDED
Champion,Grand Slam,"In one season, wins Season Title, Points Title, All-Play Title and the Championship.",Marv,2016.0,,,,,AWARDED
Champion,Triple Crown,"Wins Season Title, Season Points Title and Season All-Play Title in the same season.",Simi,2017.0,,,,,AWARDED
Champion,Grand Slam,"In one season, wins Season Title, Points Title, All-Play Title and the Championship.",Simi,2017.0,,,,,AWARDED
Champion,Triple Crown,"Wins Season Title, Season Points Title and Season All-Play Title in the same season.",Erik,2019.0,,,,,AWARDED
Champion,Grand Slam,"In one season, wins Season Title, Points Title, All-Play Title and the Championship.",Erik,2019.0,,,,,AWARDED
Champion,Triple Crown,"Wins Season Title, Season Points Title and Season All-Play Title in the same season.",Marv,2020.0,,,,,AWARDED
Champion,Grand Slam,"In one season, wins Season Title, Points Title, All-Play Title and the Championship.",Marv,2020.0,,,,,AWARDED
Champion,Triple Crown,"Wins Season Title, Season Points Title and Season All-Play Title in the same season.",Benni,2022.0,,,,,AWARDED
Champion,Grand Slam,"In one season, wins Season Title, Points Title, All-Play Title and the Championship.",Benni,2022.0,,,,,AWARDED
Champion,Triple Crown,"Wins Season Title, Season Points Title and Season All-Play Title in the same season.",Tommy,2024.0,,,,,AWARDED
Champion,Grand Slam,"In one season, wins Season Title, Points Title, All-Play Title and the Championship.",Tommy,2024.0,,,,,AWARDED
Champion,Champion,Wins the playoffs and becomes league champion.,Kessi,2015.0,,,,,AWARDED
Champion,Champion,Wins the playoffs and becomes league champion.,Marv,2016.0,,,,,AWARDED
Champion,Champion,Wins the playoffs and becomes league champion.,Simi,2017.0,,,,,AWARDED
Champion,Champion,Wins the playoffs and becomes league champion.,Ritz,2018.0,,,,,AWARDED
Champion,Champion,Wins the playoffs and becomes league champion.,Erik,2019.0,,,,,AWARDED
Champion,Champion,Wins the playoffs and becomes league champion.,Marv,2020.0,,,,,AWARDED
Champion,Champion,Wins the playoffs and becomes league champion.,Erik,2021.0,,,,,AWARDED
Champion,Champion,Wins the playoffs and becomes league champion.,Benni,2022.0,,,,,AWARDED
Champion,Champion,Wins the playoffs and becomes league champion.,Erik,2023.0,,,,,AWARDED
Champion,Champion,Wins the playoffs and becomes league champion.,Tommy,2024.0,,,,,AWARDED
Champion,Champion,Wins the playoffs and becomes league champion.,Marv,2025.0,,,,,AWARDED
Champion,The Ringer,Wins the championship in their first season in the league.,Kessi,2015.0,,,,,AWARDED
Champion,Dynasty,Wins three championships within a five-year span.,Erik,2023.0,,,,,AWARDED
Champion,Phoenix Award,Finished last the previous season and wins the championship this season.,Simi,2017.0,,,,,AWARDED
Champion,Fortune Favored,Wins the championship with maximum measured luck.,Kessi,2015.0,,,,,AWARDED
Champion,Cupcake Champion,Wins the championship with the easiest schedule of the season.,Marv,2016.0,,,,,AWARDED
Champion,Cupcake Champion,Wins the championship with the easiest schedule of the season.,Simi,2017.0,,,,,AWARDED
Champion,Cupcake Champion,Wins the championship with the easiest schedule of the season.,Erik,2019.0,,,,,AWARDED
Champion,Cupcake Champion,Wins the championship with the easiest schedule of the season.,Marv,2020.0,,,,,AWARDED
Champion,Fortune Favored,Wins the championship with maximum measured luck.,Marv,2020.0,,,,,AWARDED
Champion,Fortune Favored,Wins the championship with maximum measured luck.,Erik,2021.0,,,,,AWARDED
Champion,Cupcake Champion,Wins the championship with the easiest schedule of the season.,Benni,2022.0,,,,,AWARDED
Champion,Against the Odds,Wins the championship despite having the most bad luck in the season.,Erik,2023.0,,,,,AWARDED
Champion,Cupcake Champion,Wins the championship with the easiest schedule of the season.,Tommy,2024.0,,,,,AWARDED
Champion,Fortune Favored,Wins the championship with maximum measured luck.,Marv,2025.0,,,,,AWARDED
Champion,Playoff Appearances - 5,Reaches the playoffs for the 5th time.,Benni,2020.0,,,5.0,,AWARDED
Champion,Playoff Appearances - 10,Reaches the playoffs for the 10th time.,Benni,2025.0,,,10.0,,AWARDED
Champion,Playoff Appearances - 5,Reaches the playoffs for the 5th time.,Erik,2022.0,,,5.0,,AWARDED
Champion,Playoff Appearances - 5,Reaches the playoffs for the 5th time.,Marv,2024.0,,,5.0,,AWARDED
Champion,Playoff Appearances - 5,Reaches the playoffs for the 5th time.,Ritz,2022.0,,,5.0,,AWARDED
Champion,Playoff Appearances - 5,Reaches the playoffs for the 5th time.,Tommy,2023.0,,,5.0,,AWARDED
Champion,The Worst,Finishes dead last in the league.,Juschka,2015.0,,,,,AWARDED
Champion,The Worst,Finishes dead last in the league.,Simi,2016.0,,,,,AWARDED
Champion,The Worst,Finishes dead last in the league.,Juschka,2017.0,,,,,AWARDED
Champion,The Worst,Finishes dead last in the league.,Kessi,2018.0,,,,,AWARDED
Champion,The Worst,Finishes dead last in the league.,Kessi,2019.0,,,,,AWARDED
Champion,The Worst,Finishes dead last in the league.,Tommy,2020.0,,,,,AWARDED
Champion,The Worst,Finishes dead last in the league.,Juschka,2021.0,,,,,AWARDED
Champion,The Worst,Finishes dead last in the league.,Marv,2022.0,,,,,AWARDED
Champion,The Worst,Finishes dead last in the league.,Juschka,2023.0,,,,,AWARDED
Champion,The Worst,Finishes dead last in the league.,Juschka,2024.0,,,,,AWARDED
Champion,The Worst,Finishes dead last in the league.,Erik,2025.0,,,,,AWARDED
Champion,Still the Worst,Finishes last in two consecutive seasons.,Juschka,2024.0,,,,,AWARDED
Champion,Still the Worst,Finishes last in two consecutive seasons.,Kessi,2019.0,,,,,AWARDED
Champion,Trash Trifecta,"In the same season, finishes last in standings, points scored and all-play.",Kessi,2018.0,,,,,AWARDED
Champion,Flawless Garbage,"In the same season, finishes last in standings, points, all-play and overall finish.",Kessi,2018.0,,,,,AWARDED
Champion,Trash Trifecta,"In the same season, finishes last in standings, points scored and all-play.",Tommy,2020.0,,,,,AWARDED
Champion,Flawless Garbage,"In the same season, finishes last in standings, points, all-play and overall finish.",Tommy,2020.0,,,,,AWARDED
Champion,Trash Trifecta,"In the same season, finishes last in standings, points scored and all-play.",Marv,2022.0,,,,,AWARDED
Champion,Flawless Garbage,"In the same season, finishes last in standings, points, all-play and overall finish.",Marv,2022.0,,,,,AWARDED
Champion,Trash Trifecta,"In the same season, finishes last in standings, points scored and all-play.",Juschka,2023.0,,,,,AWARDED
Champion,Flawless Garbage,"In the same season, finishes last in standings, points, all-play and overall finish.",Juschka,2023.0,,,,,AWARDED
Champion,Trash Trifecta,"In the same season, finishes last in standings, points scored and all-play.",Juschka,2024.0,,,,,AWARDED
Champion,Flawless Garbage,"In the same season, finishes last in standings, points, all-play and overall finish.",Juschka,2024.0,,,,,AWARDED
Champion,Trash Trifecta,"In the same season, finishes last in standings, points scored and all-play.",Erik,2025.0,,,,,AWARDED
Champion,Flawless Garbage,"In the same season, finishes last in standings, points, all-play and overall finish.",Erik,2025.0,,,,,AWARDED
Champion,A Bronze Age,Finishes 3rd place in back-to-back seasons.,Benni,2020.0,,,,,AWARDED
Champion,A Bronze Age,Finishes 3rd place in back-to-back seasons.,Ritz,2016.0,,,,,AWARDED
Champion,Draft King,Has the best draft grade and goes on to win the championship.,(n/a),,,,,,SKIPPED_MISSING_DATA
Champion,Action King,Has the best waiver/trade performance and goes on to win the championship.,(n/a),,,,,,SKIPPED_MISSING_DATA
Champion,Optimus Prime,Has the best coach rating (optimal lineups) and goes on to win the championship.,(n/a),,,,,,SKIPPED_MISSING_DATA
Champion,Trash to Treasure,Wins the championship despite having the worst draft grade.,(n/a),,,,,,SKIPPED_MISSING_DATA
Champion,Salvaged from Sabotage,Wins the championship despite being the worst transaction manager.,(n/a),,,,,,SKIPPED_MISSING_DATA
Champion,Accidental King,Wins the championship despite being the worst coach (lineup decisions).,(n/a),,,,,,SKIPPED_MISSING_DATA
Champion,One-Man Show,Has the highest share of the team’s total points in a season (one team carries the scoring).,(n/a),,,,,,SKIPPED_MISSING_DATA
Champion,No-Show,Has the lowest share of points scored in a season (least offensive contribution).,(n/a),,,,,,SKIPPED_MISSING_DATA
Season,Wood Season,Season score in the 60–70 range.,Benni,2015.0,,,64.28571428571429,,AWARDED
Season,Season Top-Half Scoring - 75%,Scores in the top half of the league in at least 75% of weeks.,Benni,2015.0,,,0.7857142857142857,,AWARDED
Season,Clay Season,Season score in the 50–60 range.,Erik,2015.0,,,57.14285714285714,,AWARDED
Season,Iron Season,Season score in the 70–80 range.,Kessi,2015.0,,,78.57142857142857,,AWARDED
Season,Season Bottom-Half Scoring - 75%,Scores in the bottom half of the league in at least 75% of weeks.,Marv,2015.0,,,0.9285714285714286,,AWARDED
Season,Clay Season,Season score in the 50–60 range.,Ritz,2015.0,,,57.14285714285714,,AWARDED
Season,Clay Season,Season score in the 50–60 range.,Simi,2015.0,,,57.14285714285714,,AWARDED
Season,Season Worst-Scores - 5,Records five weekly lowest scores in a single season.,Tommy,2015.0,,,5.0,,AWARDED
Season,Clay Season,Season score in the 50–60 range.,Benni,2016.0,,,50.0,,AWARDED
Season,Wood Season,Season score in the 60–70 range.,Erik,2016.0,,,64.28571428571429,,AWARDED
Season,Season Worst-Scores - 5,Records five weekly lowest scores in a single season.,Juschka,2016.0,,,5.0,,AWARDED
Season,Season Bottom-Half Scoring - 75%,Scores in the bottom half of the league in at least 75% of weeks.,Juschka,2016.0,,,0.7857142857142857,,AWARDED
Season,Clay Season,Season score in the 50–60 range.,Kessi,2016.0,,,50.0,,AWARDED
Season,Iron Season,Season score in the 70–80 range.,Marv,2016.0,,,71.42857142857143,,AWARDED
Season,Season Top-Half Scoring - 75%,Scores in the top half of the league in at least 75% of weeks.,Marv,2016.0,,,0.8571428571428571,,AWARDED
Season,Clay Season,Season score in the 50–60 range.,Ritz,2016.0,,,57.14285714285714,,AWARDED
Season,Clay Season,Season score in the 50–60 range.,Benni,2017.0,,,50.0,,AWARDED
Season,Average Joe,All-play record with exactly as many wins as losses.,Benni,2017.0,,,,,AWARDED
Season,Clay Season,Season score in the 50–60 range.,Erik,2017.0,,,50.0,,AWARDED
Season,Season High-Scores - 5,Achieves five weekly high scores in a single season.,Erik,2017.0,,,5.0,,AWARDED
Season,Wood Season,Season score in the 60–70 range.,Ritz,2017.0,,,64.28571428571429,,AWARDED
Season,Iron Season,Season score in the 70–80 range.,Simi,2017.0,,,78.57142857142857,,AWARDED
Season,Average Joe,All-play record with exactly as many wins as losses.,Tommy,2017.0,,,,,AWARDED
Season,Iron Season,Season score in the 70–80 range.,Benni,2018.0,,,71.42857142857143,,AWARDED
Season,Season Top-Half Scoring - 75%,Scores in the top half of the league in at least 75% of weeks.,Benni,2018.0,,,0.7857142857142857,,AWARDED
Season,Wood Season,Season score in the 60–70 range.,Juschka,2018.0,,,64.28571428571429,,AWARDED
Season,Season Top-Half Scoring - 75%,Scores in the top half of the league in at least 75% of weeks.,Juschka,2018.0,,,0.7857142857142857,,AWARDED
Season,Goose Egg,Zero regular-season wins.,Kessi,2018.0,,,,,AWARDED
Season,Season Bottom-Half Scoring - 75%,Scores in the bottom half of the league in at least 75% of weeks.,Kessi,2018.0,,,1.0,,AWARDED
Season,Season Bottom-Half Scoring - 100%,Scores in the bottom half of the league in every week.,Kessi,2018.0,,,1.0,,AWARDED
Season,Clay Season,Season score in the 50–60 range.,Marv,2018.0,,,50.0,,AWARDED
Season,Gold Season,Season score in the 90–95 range.,Ritz,2018.0,,,92.85714285714286,,AWARDED
Season,Season Top-Half Scoring - 75%,Scores in the top half of the league in at least 75% of weeks.,Ritz,2018.0,,,1.0,,AWARDED
Season,Season Top-Half Scoring - 100%,Scores in the top half of the league in 100% of weeks.,Ritz,2018.0,,,1.0,,AWARDED
Season,Season Bottom-Half Scoring - 75%,Scores in the bottom half of the league in at least 75% of weeks.,Simi,2018.0,,,0.7857142857142857,,AWARDED
Season,Clay Season,Season score in the 50–60 range.,Tommy,2018.0,,,57.14285714285714,,AWARDED
Season,Clay Season,Season score in the 50–60 range.,Benni,2019.0,,,50.0,,AWARDED
Season,Iron Season,Season score in the 70–80 range.,Erik,2019.0,,,78.57142857142857,,AWARDED
Season,Season High-Scores - 5,Achieves five weekly high scores in a single season.,Erik,2019.0,,,6.0,,AWARDED
Season,Season Top-Half Scoring - 75%,Scores in the top half of the league in at least 75% of weeks.,Erik,2019.0,,,0.8571428571428571,,AWARDED
Season,Iron Season,Season score in the 70–80 range.,Marv,2019.0,,,71.42857142857143,,AWARDED
Season,Average Joe,All-play record with exactly as many wins as losses.,Tommy,2019.0,,,,,AWARDED
Season,Clay Season,Season score in the 50–60 range.,Benni,2020.0,,,57.14285714285714,,AWARDED
Season,Wood Season,Season score in the 60–70 range.,Juschka,2020.0,,,64.28571428571429,,AWARDED
Season,Season Top-Half Scoring - 75%,Scores in the top half of the league in at least 75% of weeks.,Juschka,2020.0,,,0.8571428571428571,,AWARDED
Season,Clay Season,Season score in the 50–60 range.,Kessi,2020.0,,,50.0,,AWARDED
Season,Silver Season,Season score in the 85–90 range.,Marv,2020.0,,,85.71428571428571,,AWARDED
Season,Season High-Scores - 5,Achieves five weekly high scores in a single season.,Marv,2020.0,,,5.0,,AWARDED
Season,Season Top-Half Scoring - 75%,Scores in the top half of the league in at least 75% of weeks.,Marv,2020.0,,,0.8571428571428571,,AWARDED
Season,Clay Season,Season score in the 50–60 range.,Ritz,2020.0,,,50.0,,AWARDED
Season,Season Bottom-Half Scoring - 75%,Scores in the bottom half of the league in at least 75% of weeks.,Tommy,2020.0,,,1.0,,AWARDED
Season,Season Bottom-Half Scoring - 100%,Scores in the bottom half of the league in every week.,Tommy,2020.0,,,1.0,,AWARDED
Season,Wood Season,Season score in the 60–70 range.,Benni,2021.0,,,64.28571428571429,,AWARDED
Season,Iron Season,Season score in the 70–80 range.,Erik,2021.0,,,71.42857142857143,,AWARDED
Season,Clay Season,Season score in the 50–60 range.,Kessi,2021.0,,,50.0,,AWARDED
Season,Clay Season,Season score in the 50–60 range.,Marv,2021.0,,,50.0,,AWARDED
Season,Clay Season,Season score in the 50–60 range.,Ritz,2021.0,,,50.0,,AWARDED
Season,Clay Season,Season score in the 50–60 range.,Tommy,2021.0,,,50.0,,AWARDED
Season,Iron Season,Season score in the 70–80 range.,Benni,2022.0,,,71.42857142857143,,AWARDED
Season,Season High-Scores - 5,Achieves five weekly high scores in a single season.,Benni,2022.0,,,8.0,,AWARDED
Season,Clay Season,Season score in the 50–60 range.,Erik,2022.0,,,57.14285714285714,,AWARDED
Season,Season Worst-Scores - 5,Records five weekly lowest scores in a single season.,Marv,2022.0,,,5.0,,AWARDED
Season,Iron Season,Season score in the 70–80 range.,Ritz,2022.0,,,78.57142857142857,,AWARDED
Season,Wood Season,Season score in the 60–70 range.,Tommy,2022.0,,,64.28571428571429,,AWARDED
Season,Clay Season,Season score in the 50–60 range.,Benni,2023.0,,,57.14285714285714,,AWARDED
Season,Season High-Scores - 5,Achieves five weekly high scores in a single season.,Benni,2023.0,,,5.0,,AWARDED
Season,Clay Season,Season score in the 50–60 range.,Erik,2023.0,,,50.0,,AWARDED
Season,Season Worst-Scores - 5,Records five weekly lowest scores in a single season.,Juschka,2023.0,,,6.0,,AWARDED
Season,Average Joe,All-play record with exactly as many wins as losses.,Ritz,2023.0,,,,,AWARDED
Season,Iron Season,Season score in the 70–80 range.,Simi,2023.0,,,71.42857142857143,,AWARDED
Season,Wood Season,Season score in the 60–70 range.,Tommy,2023.0,,,64.28571428571429,,AWARDED
Season,Season Top-Half Scoring - 75%,Scores in the top half of the league in at least 75% of weeks.,Tommy,2023.0,,,0.7857142857142857,,AWARDED
Season,Iron Season,Season score in the 70–80 range.,Benni,2024.0,,,71.42857142857143,,AWARDED
Season,Clay Season,Season score in the 50–60 range.,Kessi,2024.0,,,57.14285714285714,,AWARDED
Season,Clay Season,Season score in the 50–60 range.,Marv,2024.0,,,50.0,,AWARDED
Season,Clay Season,Season score in the 50–60 range.,Simi,2024.0,,,50.0,,AWARDED
Season,Iron Season,Season score in the 70–80 range.,Tommy,2024.0,,,78.57142857142857,,AWARDED
Season,Wood Season,Season score in the 60–70 range.,Benni,2025.0,,,64.28571428571429,,AWARDED
Season,Season Bottom-Half Scoring - 75%,Scores in the bottom half of the league in at least 75% of weeks.,Erik,2025.0,,,0.8571428571428571,,AWARDED
Season,Clay Season,Season score in the 50–60 range.,Kessi,2025.0,,,50.0,,AWARDED
Season,Iron Season,Season score in the 70–80 range.,Marv,2025.0,,,71.42857142857143,,AWARDED
Season,Iron Season,Season score in the 70–80 range.,Ritz,2025.0,,,71.42857142857143,,AWARDED
Season,The Gauntlet,Season with the toughest schedule in the league.,Marv,2015.0,,,1370.1971428571428,,AWARDED
Season,The Cupcake,Plays the season with the easiest opponent schedule.,Benni,2015.0,,,1331.9542857142858,,AWARDED
Season,Lady Luck,Team with the least amount of luck in the season.,Juschka,2015.0,,,-0.12244897959183672,,AWARDED
Season,Cursed,Team with minimal luck in the season (heavily “cursed”).,Juschka,2015.0,,,-0.12244897959183672,,AWARDED
Season,The Gauntlet,Season with the toughest schedule in the league.,Tommy,2016.0,,,1382.282857142857,,AWARDED
Season,The Cupcake,Plays the season with the easiest opponent schedule.,Marv,2016.0,,,1331.1171428571429,,AWARDED
Season,Lady Luck,Team with the least amount of luck in the season.,Simi,2016.0,,,-0.16326530612244894,,AWARDED
Season,Cursed,Team with minimal luck in the season (heavily “cursed”).,Simi,2016.0,,,-0.16326530612244894,,AWARDED
Season,The Gauntlet,Season with the toughest schedule in the league.,Kessi,2017.0,,,1332.5314285714285,,AWARDED
Season,The Cupcake,Plays the season with the easiest opponent schedule.,Simi,2017.0,,,1289.7628571428572,,AWARDED
Season,Lady Luck,Team with the least amount of luck in the season.,Erik,2017.0,,,-0.15306122448979592,,AWARDED
Season,Cursed,Team with minimal luck in the season (heavily “cursed”).,Erik,2017.0,,,-0.15306122448979592,,AWARDED
Season,The Gauntlet,Season with the toughest schedule in the league.,Kessi,2018.0,,,1528.4285714285713,,AWARDED
Season,The Cupcake,Plays the season with the easiest opponent schedule.,Benni,2018.0,,,1456.9057142857143,,AWARDED
Season,Lady Luck,Team with the least amount of luck in the season.,Erik,2018.0,,,-0.16326530612244894,,AWARDED
Season,Cursed,Team with minimal luck in the season (heavily “cursed”).,Erik,2018.0,,,-0.16326530612244894,,AWARDED
Season,Lady Luck,Team with the least amount of luck in the season.,Kessi,2018.0,,,-0.16326530612244894,,AWARDED
Season,Cursed,Team with minimal luck in the season (heavily “cursed”).,Kessi,2018.0,,,-0.16326530612244894,,AWARDED
Season,The Gauntlet,Season with the toughest schedule in the league.,Simi,2019.0,,,1430.3628571428574,,AWARDED
Season,The Cupcake,Plays the season with the easiest opponent schedule.,Erik,2019.0,,,1378.2285714285715,,AWARDED
Season,Lady Luck,Team with the least amount of luck in the season.,Ritz,2019.0,,,-0.08163265306122446,,AWARDED
Season,Cursed,Team with minimal luck in the season (heavily “cursed”).,Ritz,2019.0,,,-0.08163265306122446,,AWARDED
Season,The Gauntlet,Season with the toughest schedule in the league.,Tommy,2020.0,,,1468.814285714286,,AWARDED
Season,The Cupcake,Plays the season with the easiest opponent schedule.,Marv,2020.0,,,1407.0942857142857,,AWARDED
Season,Lady Luck,Team with the least amount of luck in the season.,Simi,2020.0,,,-0.10204081632653059,,AWARDED
Season,Cursed,Team with minimal luck in the season (heavily “cursed”).,Simi,2020.0,,,-0.10204081632653059,,AWARDED
Season,The Gauntlet,Season with the toughest schedule in the league.,Marv,2021.0,,,1460.4142857142856,,AWARDED
Season,The Cupcake,Plays the season with the easiest opponent schedule.,Benni,2021.0,,,1428.0914285714284,,AWARDED
Season,Lady Luck,Team with the least amount of luck in the season.,Juschka,2021.0,,,-0.18367346938775508,,AWARDED
Season,Cursed,Team with minimal luck in the season (heavily “cursed”).,Juschka,2021.0,,,-0.18367346938775508,,AWARDED
Season,The Gauntlet,Season with the toughest schedule in the league.,Marv,2022.0,,,1443.6914285714286,,AWARDED
Season,The Cupcake,Plays the season with the easiest opponent schedule.,Benni,2022.0,,,1379.0085714285713,,AWARDED
Season,Lady Luck,Team with the least amount of luck in the season.,Simi,2022.0,,,-0.2755102040816326,,AWARDED
Season,Cursed,Team with minimal luck in the season (heavily “cursed”).,Simi,2022.0,,,-0.2755102040816326,,AWARDED
Season,The Gauntlet,Season with the toughest schedule in the league.,Juschka,2023.0,,,1424.8428571428572,,AWARDED
Season,The Cupcake,Plays the season with the easiest opponent schedule.,Benni,2023.0,,,1380.8314285714284,,AWARDED
Season,Lady Luck,Team with the least amount of luck in the season.,Erik,2023.0,,,-0.14285714285714285,,AWARDED
Season,Cursed,Team with minimal luck in the season (heavily “cursed”).,Erik,2023.0,,,-0.14285714285714285,,AWARDED
Season,The Gauntlet,Season with the toughest schedule in the league.,Juschka,2024.0,,,1444.577142857143,,AWARDED
Season,The Cupcake,Plays the season with the easiest opponent schedule.,Tommy,2024.0,,,1407.7057142857143,,AWARDED
Season,Lady Luck,Team with the least amount of luck in the season.,Erik,2024.0,,,-0.17346938775510198,,AWARDED
Season,Cursed,Team with minimal luck in the season (heavily “cursed”).,Erik,2024.0,,,-0.17346938775510198,,AWARDED
Season,The Gauntlet,Season with the toughest schedule in the league.,Erik,2025.0,,,1415.2942857142857,,AWARDED
Season,The Cupcake,Plays the season with the easiest opponent schedule.,Ritz,2025.0,,,1380.7628571428572,,AWARDED
Season,Lady Luck,Team with the least amount of luck in the season.,Juschka,2025.0,,,-0.25510204081632654,,AWARDED
Season,Cursed,Team with minimal luck in the season (heavily “cursed”).,Juschka,2025.0,,,-0.25510204081632654,,AWARDED
Matchup Achievements,Peak Performance,Highest single-team score in a matchup for the season.,Erik,2015.0,15.0,Juschka,164.3,,AWARDED
Matchup Achievements,The Shootout,Participates in the matchup with the highest combined points of the season.,Erik,2015.0,3.0,Tommy,268.6,,AWARDED
Matchup Achievements,The Shootout,Participates in the matchup with the highest combined points of the season.,Tommy,2015.0,3.0,Erik,268.6,,AWARDED
Matchup Achievements,The Dud Bowl,Matchup with the fewest combined points in the season.,Ritz,2015.0,11.0,Juschka,123.8,,AWARDED
Matchup Achievements,The Snoozer,Participates in the matchup with the lowest combined score of the season.,Ritz,2015.0,11.0,Juschka,123.8,,AWARDED
Matchup Achievements,The Dud Bowl,Matchup with the fewest combined points in the season.,Juschka,2015.0,11.0,Ritz,123.8,,AWARDED
Matchup Achievements,The Snoozer,Participates in the matchup with the lowest combined score of the season.,Juschka,2015.0,11.0,Ritz,123.8,,AWARDED
Matchup Achievements,Massacre,Records the biggest blowout win of the season.,Kessi,2015.0,3.0,Juschka,83.91999999999999,,AWARDED
Matchup Achievements,The Bye Week,Loses in the largest blowout of the season.,Juschka,2015.0,3.0,Kessi,-83.91999999999999,,AWARDED
Matchup Achievements,Thread the Needle,Records the narrowest margin of victory of the season.,Simi,2015.0,8.0,Tommy,0.2599999999999909,,AWARDED
Matchup Achievements,Heartbreaker,Loses the closest matchup of the season.,Tommy,2015.0,8.0,Simi,-0.2599999999999909,,AWARDED
Matchup Achievements,Doubled Up,Opponent scores at least double this team’s points.,Juschka,2015.0,3.0,Kessi,122.02,,AWARDED
Matchup Achievements,Double Up,Scores at least double the opponent’s points.,Kessi,2015.0,3.0,Juschka,122.02,,AWARDED
Matchup Achievements,A Small Victory,Wins by less than 1.0 point.,Simi,2015.0,8.0,Tommy,0.2599999999999909,,AWARDED
Matchup Achievements,A Micro Victory,Wins by less than 0.5 points.,Simi,2015.0,8.0,Tommy,0.2599999999999909,,AWARDED
Matchup Achievements,A Small Defeat,Loses by less than 1.0 point.,Tommy,2015.0,8.0,Simi,-0.2599999999999909,,AWARDED
Matchup Achievements,A Micro Defeat,Loses by less than 0.5 points.,Tommy,2015.0,8.0,Simi,-0.2599999999999909,,AWARDED
Matchup Achievements,A Small Victory,Wins by less than 1.0 point.,Erik,2015.0,9.0,Marv,0.8599999999999994,,AWARDED
Matchup Achievements,A Small Defeat,Loses by less than 1.0 point.,Marv,2015.0,9.0,Erik,-0.8599999999999994,,AWARDED
Matchup Achievements,A Small Victory,Wins by less than 1.0 point.,Benni,2015.0,12.0,Tommy,0.9200000000000016,,AWARDED
Matchup Achievements,A Small Defeat,Loses by less than 1.0 point.,Tommy,2015.0,12.0,Benni,-0.9200000000000016,,AWARDED
Matchup Achievements,Perfectly Peaked,Beats the opponent who has the second-highest score of the week.,Simi,2015.0,13.0,Erik,154.16,,AWARDED
Matchup Achievements,True Lowlight,Posts the lowest weekly score and loses to the second-lowest scorer.,Tommy,2015.0,8.0,Simi,70.34,,AWARDED
Matchup Achievements,True Lowlight,Posts the lowest weekly score and loses to the second-lowest scorer.,Juschka,2015.0,11.0,Ritz,49.78,,AWARDED
Matchup Achievements,True Lowlight,Posts the lowest weekly score and loses to the second-lowest scorer.,Tommy,2015.0,14.0,Ritz,68.86,,AWARDED
Matchup Achievements,True Lowlight,Posts the lowest weekly score and loses to the second-lowest scorer.,Ritz,2015.0,16.0,Simi,70.08,,AWARDED
Matchup Achievements,Spoiled Goods,Has the second-highest weekly score but loses to the top scorer.,Erik,2015.0,13.0,Simi,110.54,,AWARDED
Matchup Achievements,The Undercard,Matchup where one team has the lowest points share of any game that season.,Juschka,2015.0,3.0,Kessi,0.2379465400949288,,AWARDED
Matchup Achievements,Bully,Beats the same opponent three or more times in one season.,Erik,2015.0,,Juschka,3.0,,AWARDED
Matchup Achievements,Bully,Beats the same opponent three or more times in one season.,Kessi,2015.0,,Simi,3.0,,AWARDED
Matchup Achievements,Bullied,Loses to the same opponent three or more times in one season.,Juschka,2015.0,,Erik,3.0,,AWARDED
Matchup Achievements,Bullied,Loses to the same opponent three or more times in one season.,Simi,2015.0,,Kessi,3.0,,AWARDED
Matchup Achievements,Peak Performance,Highest single-team score in a matchup for the season.,Marv,2016.0,10.0,Ritz,158.6,,AWARDED
Matchup Achievements,The Shootout,Participates in the matchup with the highest combined points of the season.,Ritz,2016.0,10.0,Marv,247.33999999999997,,AWARDED
Matchup Achievements,The Shootout,Participates in the matchup with the highest combined points of the season.,Marv,2016.0,10.0,Ritz,247.33999999999997,,AWARDED
Matchup Achievements,The Dud Bowl,Matchup with the fewest combined points in the season.,Tommy,2016.0,6.0,Juschka,144.89999999999998,,AWARDED
Matchup Achievements,The Snoozer,Participates in the matchup with the lowest combined score of the season.,Tommy,2016.0,6.0,Juschka,144.89999999999998,,AWARDED
Matchup Achievements,The Dud Bowl,Matchup with the fewest combined points in the season.,Juschka,2016.0,6.0,Tommy,144.89999999999998,,AWARDED
Matchup Achievements,The Snoozer,Participates in the matchup with the lowest combined score of the season.,Juschka,2016.0,6.0,Tommy,144.89999999999998,,AWARDED
Matchup Achievements,Massacre,Records the biggest blowout win of the season.,Marv,2016.0,10.0,Ritz,69.86,,AWARDED
Matchup Achievements,The Bye Week,Loses in the largest blowout of the season.,Ritz,2016.0,10.0,Marv,-69.86,,AWARDED
Matchup Achievements,Thread the Needle,Records the narrowest margin of victory of the season.,Benni,2016.0,7.0,Tommy,0.3599999999999994,,AWARDED
Matchup Achievements,Heartbreaker,Loses the closest matchup of the season.,Tommy,2016.0,7.0,Benni,-0.3599999999999994,,AWARDED
Matchup Achievements,A Small Victory,Wins by less than 1.0 point.,Tommy,2016.0,6.0,Juschka,0.8599999999999994,,AWARDED
Matchup Achievements,A Small Defeat,Loses by less than 1.0 point.,Juschka,2016.0,6.0,Tommy,-0.8599999999999994,,AWARDED
Matchup Achievements,A Small Victory,Wins by less than 1.0 point.,Benni,2016.0,7.0,Tommy,0.3599999999999994,,AWARDED
Matchup Achievements,A Micro Victory,Wins by less than 0.5 points.,Benni,2016.0,7.0,Tommy,0.3599999999999994,,AWARDED
Matchup Achievements,A Small Defeat,Loses by less than 1.0 point.,Tommy,2016.0,7.0,Benni,-0.3599999999999994,,AWARDED
Matchup Achievements,A Micro Defeat,Loses by less than 0.5 points.,Tommy,2016.0,7.0,Benni,-0.3599999999999994,,AWARDED
Matchup Achievements,Doubled Up,Opponent scores at least double this team’s points.,Simi,2016.0,12.0,Kessi,126.7,,AWARDED
Matchup Achievements,Double Up,Scores at least double the opponent’s points.,Kessi,2016.0,12.0,Simi,126.7,,AWARDED
Matchup Achievements,Doubled Up,Opponent scores at least double this team’s points.,Erik,2016.0,14.0,Kessi,107.68,,AWARDED
Matchup Achievements,Double Up,Scores at least double the opponent’s points.,Kessi,2016.0,14.0,Erik,107.68,,AWARDED
Matchup Achievements,Perfectly Peaked,Beats the opponent who has the second-highest score of the week.,Juschka,2016.0,7.0,Erik,122.04,,AWARDED
Matchup Achievements,Perfectly Peaked,Beats the opponent who has the second-highest score of the week.,Marv,2016.0,13.0,Kessi,112.82,,AWARDED
Matchup Achievements,Perfectly Peaked,Beats the opponent who has the second-highest score of the week.,Juschka,2016.0,15.0,Tommy,115.02,,AWARDED
Matchup Achievements,True Lowlight,Posts the lowest weekly score and loses to the second-lowest scorer.,Benni,2016.0,4.0,Kessi,74.42,,AWARDED
Matchup Achievements,True Lowlight,Posts the lowest weekly score and loses to the second-lowest scorer.,Juschka,2016.0,6.0,Tommy,72.02,,AWARDED
Matchup Achievements,Spoiled Goods,Has the second-highest weekly score but loses to the top scorer.,Erik,2016.0,7.0,Juschka,116.94,,AWARDED
Matchup Achievements,Spoiled Goods,Has the second-highest weekly score but loses to the top scorer.,Kessi,2016.0,13.0,Marv,111.04,,AWARDED
Matchup Achievements,Spoiled Goods,Has the second-highest weekly score but loses to the top scorer.,Tommy,2016.0,15.0,Juschka,105.74,,AWARDED
Matchup Achievements,The Undercard,Matchup where one team has the lowest points share of any game that season.,Erik,2016.0,14.0,Kessi,0.3149255630487339,,AWARDED
Matchup Achievements,Bully,Beats the same opponent three or more times in one season.,Ritz,2016.0,,Kessi,3.0,,AWARDED
Matchup Achievements,Bullied,Loses to the same opponent three or more times in one season.,Kessi,2016.0,,Ritz,3.0,,AWARDED
Matchup Achievements,Peak Performance,Highest single-team score in a matchup for the season.,Simi,2017.0,14.0,Kessi,145.64,,AWARDED
Matchup Achievements,The Shootout,Participates in the matchup with the highest combined points of the season.,Erik,2017.0,13.0,Tommy,251.5,,AWARDED
Matchup Achievements,The Shootout,Participates in the matchup with the highest combined points of the season.,Tommy,2017.0,13.0,Erik,251.5,,AWARDED
Matchup Achievements,The Dud Bowl,Matchup with the fewest combined points in the season.,Marv,2017.0,16.0,Kessi,22.0,,AWARDED
Matchup Achievements,The Snoozer,Participates in the matchup with the lowest combined score of the season.,Marv,2017.0,16.0,Kessi,22.0,,AWARDED
Matchup Achievements,The Dud Bowl,Matchup with the fewest combined points in the season.,Kessi,2017.0,16.0,Marv,22.0,,AWARDED
Matchup Achievements,The Snoozer,Participates in the matchup with the lowest combined score of the season.,Kessi,2017.0,16.0,Marv,22.0,,AWARDED
Matchup Achievements,Massacre,Records the biggest blowout win of the season.,Simi,2017.0,14.0,Kessi,83.79999999999998,,AWARDED
Matchup Achievements,The Bye Week,Loses in the largest blowout of the season.,Kessi,2017.0,14.0,Simi,-83.79999999999998,,AWARDED
Matchup Achievements,Thread the Needle,Records the narrowest margin of victory of the season.,Simi,2017.0,2.0,Marv,0.019999999999996,,AWARDED
Matchup Achievements,Heartbreaker,Loses the closest matchup of the season.,Marv,2017.0,2.0,Simi,-0.019999999999996,,AWARDED
Matchup Achievements,A Small Defeat,Loses by less than 1.0 point.,Ritz,2017.0,1.0,Juschka,-0.2599999999999909,,AWARDED
Matchup Achievements,A Micro Defeat,Loses by less than 0.5 points.,Ritz,2017.0,1.0,Juschka,-0.2599999999999909,,AWARDED
Matchup Achievements,A Small Victory,Wins by less than 1.0 point.,Juschka,2017.0,1.0,Ritz,0.2599999999999909,,AWARDED
Matchup Achievements,A Micro Victory,Wins by less than 0.5 points.,Juschka,2017.0,1.0,Ritz,0.2599999999999909,,AWARDED
Matchup Achievements,A Small Defeat,Loses by less than 1.0 point.,Marv,2017.0,2.0,Simi,-0.019999999999996,,AWARDED
Matchup Achievements,A Micro Defeat,Loses by less than 0.5 points.,Marv,2017.0,2.0,Simi,-0.019999999999996,,AWARDED
Matchup Achievements,A Small Victory,Wins by less than 1.0 point.,Simi,2017.0,2.0,Marv,0.019999999999996,,AWARDED
Matchup Achievements,A Micro Victory,Wins by less than 0.5 points.,Simi,2017.0,2.0,Marv,0.019999999999996,,AWARDED
Matchup Achievements,Doubled Up,Opponent scores at least double this team’s points.,Erik,2017.0,3.0,Tommy,136.82,,AWARDED
Matchup Achievements,A Small Victory,Wins by less than 1.0 point.,Ritz,2017.0,3.0,Simi,0.2399999999999948,,AWARDED
Matchup Achievements,A Micro Victory,Wins by less than 0.5 points.,Ritz,2017.0,3.0,Simi,0.2399999999999948,,AWARDED
Matchup Achievements,A Small Defeat,Loses by less than 1.0 point.,Simi,2017.0,3.0,Ritz,-0.2399999999999948,,AWARDED
Matchup Achievements,A Micro Defeat,Loses by less than 0.5 points.,Simi,2017.0,3.0,Ritz,-0.2399999999999948,,AWARDED
Matchup Achievements,Double Up,Scores at least double the opponent’s points.,Tommy,2017.0,3.0,Erik,136.82,,AWARDED
Matchup Achievements,A Small Victory,Wins by less than 1.0 point.,Simi,2017.0,9.0,Tommy,0.8200000000000074,,AWARDED
Matchup Achievements,A Small Defeat,Loses by less than 1.0 point.,Tommy,2017.0,9.0,Simi,-0.8200000000000074,,AWARDED
Matchup Achievements,Double Up,Scores at least double the opponent’s points.,Ritz,2017.0,11.0,Tommy,119.8,,AWARDED
Matchup Achievements,Doubled Up,Opponent scores at least double this team’s points.,Tommy,2017.0,11.0,Ritz,119.8,,AWARDED
Matchup Achievements,Doubled Up,Opponent scores at least double this team’s points.,Juschka,2017.0,11.0,Kessi,99.98,,AWARDED
Matchup Achievements,Double Up,Scores at least double the opponent’s points.,Kessi,2017.0,11.0,Juschka,99.98,,AWARDED
Matchup Achievements,A Small Victory,Wins by less than 1.0 point.,Benni,2017.0,14.0,Tommy,0.2600000000000051,,AWARDED
Matchup Achievements,A Micro Victory,Wins by less than 0.5 points.,Benni,2017.0,14.0,Tommy,0.2600000000000051,,AWARDED
Matchup Achievements,Double Up,Scores at least double the opponent’s points.,Simi,2017.0,14.0,Kessi,145.64,,AWARDED
Matchup Achievements,A Small Defeat,Loses by less than 1.0 point.,Tommy,2017.0,14.0,Benni,-0.2600000000000051,,AWARDED
Matchup Achievements,A Micro Defeat,Loses by less than 0.5 points.,Tommy,2017.0,14.0,Benni,-0.2600000000000051,,AWARDED
Matchup Achievements,Doubled Up,Opponent scores at least double this team’s points.,Kessi,2017.0,14.0,Simi,145.64,,AWARDED
Matchup Achievements,Perfectly Peaked,Beats the opponent who has the second-highest score of the week.,Marv,2017.0,1.0,Benni,112.84,,AWARDED
Matchup Achievements,Perfectly Peaked,Beats the opponent who has the second-highest score of the week.,Juschka,2017.0,5.0,Simi,124.46,,AWARDED
Matchup Achievements,True Lowlight,Posts the lowest weekly score and loses to the second-lowest scorer.,Tommy,2017.0,1.0,Kessi,58.28,,AWARDED
Matchup Achievements,True Lowlight,Posts the lowest weekly score and loses to the second-lowest scorer.,Juschka,2017.0,4.0,Kessi,57.78,,AWARDED
Matchup Achievements,Spoiled Goods,Has the second-highest weekly score but loses to the top scorer.,Benni,2017.0,1.0,Marv,98.14,,AWARDED
Matchup Achievements,Spoiled Goods,Has the second-highest weekly score but loses to the top scorer.,Simi,2017.0,5.0,Juschka,107.92,,AWARDED
Matchup Achievements,The Undercard,Matchup where one team has the lowest points share of any game that season.,Kessi,2017.0,14.0,Simi,0.2980528243686138,,AWARDED
Matchup Achievements,Bully,Beats the same opponent three or more times in one season.,Erik,2017.0,,Ritz,3.0,,AWARDED
Matchup Achievements,Bully,Beats the same opponent three or more times in one season.,Simi,2017.0,,Benni,3.0,,AWARDED
Matchup Achievements,Bully,Beats the same opponent three or more times in one season.,Simi,2017.0,,Erik,3.0,,AWARDED
Matchup Achievements,Bullied,Loses to the same opponent three or more times in one season.,Benni,2017.0,,Simi,3.0,,AWARDED
Matchup Achievements,Bullied,Loses to the same opponent three or more times in one season.,Erik,2017.0,,Simi,3.0,,AWARDED
Matchup Achievements,Bullied,Loses to the same opponent three or more times in one season.,Ritz,2017.0,,Erik,3.0,,AWARDED
Matchup Achievements,Peak Performance,Highest single-team score in a matchup for the season.,Juschka,2018.0,11.0,Kessi,161.92,,AWARDED
Matchup Achievements,The Shootout,Participates in the matchup with the highest combined points of the season.,Ritz,2018.0,10.0,Juschka,277.91999999999996,,AWARDED
Matchup Achievements,The Shootout,Participates in the matchup with the highest combined points of the season.,Juschka,2018.0,10.0,Ritz,277.91999999999996,,AWARDED
Matchup Achievements,The Dud Bowl,Matchup with the fewest combined points in the season.,Marv,2018.0,13.0,Juschka,131.18,,AWARDED
Matchup Achievements,The Snoozer,Participates in the matchup with the lowest combined score of the season.,Marv,2018.0,13.0,Juschka,131.18,,AWARDED
Matchup Achievements,The Dud Bowl,Matchup with the fewest combined points in the season.,Juschka,2018.0,13.0,Marv,131.18,,AWARDED
Matchup Achievements,The Snoozer,Participates in the matchup with the lowest combined score of the season.,Juschka,2018.0,13.0,Marv,131.18,,AWARDED
Matchup Achievements,Massacre,Records the biggest blowout win of the season.,Benni,2018.0,5.0,Erik,69.16000000000001,,AWARDED
Matchup Achievements,The Bye Week,Loses in the largest blowout of the season.,Erik,2018.0,5.0,Benni,-69.16000000000001,,AWARDED
Matchup Achievements,Thread the Needle,Records the narrowest margin of victory of the season.,Juschka,2018.0,7.0,Kessi,0.7999999999999972,,AWARDED
Matchup Achievements,Heartbreaker,Loses the closest matchup of the season.,Kessi,2018.0,7.0,Juschka,-0.7999999999999972,,AWARDED
Matchup Achievements,Doubled Up,Opponent scores at least double this team’s points.,Simi,2018.0,3.0,Tommy,97.76,,AWARDED
Matchup Achievements,Double Up,Scores at least double the opponent’s points.,Tommy,2018.0,3.0,Simi,97.76,,AWARDED
Matchup Achievements,A Small Victory,Wins by less than 1.0 point.,Juschka,2018.0,7.0,Kessi,0.7999999999999972,,AWARDED
Matchup Achievements,A Small Defeat,Loses by less than 1.0 point.,Kessi,2018.0,7.0,Juschka,-0.7999999999999972,,AWARDED
Matchup Achievements,A Small Victory,Wins by less than 1.0 point.,Ritz,2018.0,13.0,Simi,0.8599999999999994,,AWARDED
Matchup Achievements,A Small Defeat,Loses by less than 1.0 point.,Simi,2018.0,13.0,Ritz,-0.8599999999999994,,AWARDED
Matchup Achievements,Perfectly Peaked,Beats the opponent who has the second-highest score of the week.,Tommy,2018.0,2.0,Erik,136.74,,AWARDED
Matchup Achievements,Perfectly Peaked,Beats the opponent who has the second-highest score of the week.,Ritz,2018.0,4.0,Juschka,134.2,,AWARDED
Matchup Achievements,Perfectly Peaked,Beats the opponent who has the second-highest score of the week.,Benni,2018.0,12.0,Marv,129.28,,AWARDED
Matchup Achievements,Perfectly Peaked,Beats the opponent who has the second-highest score of the week.,Ritz,2018.0,14.0,Benni,127.98,,AWARDED
Matchup Achievements,Perfectly Peaked,Beats the opponent who has the second-highest score of the week.,Tommy,2018.0,15.0,Ritz,100.52,,AWARDED
Matchup Achievements,Perfectly Peaked,Beats the opponent who has the second-highest score of the week.,Ritz,2018.0,16.0,Benni,140.2,,AWARDED
Matchup Achievements,True Lowlight,Posts the lowest weekly score and loses to the second-lowest scorer.,Kessi,2018.0,9.0,Marv,73.54,,AWARDED
Matchup Achievements,True Lowlight,Posts the lowest weekly score and loses to the second-lowest scorer.,Juschka,2018.0,13.0,Marv,59.68,,AWARDED
Matchup Achievements,True Lowlight,Posts the lowest weekly score and loses to the second-lowest scorer.,Kessi,2018.0,15.0,Marv,66.56,,AWARDED
Matchup Achievements,Spoiled Goods,Has the second-highest weekly score but loses to the top scorer.,Erik,2018.0,2.0,Tommy,121.18,,AWARDED
Matchup Achievements,Spoiled Goods,Has the second-highest weekly score but loses to the top scorer.,Juschka,2018.0,4.0,Ritz,125.48,,AWARDED
Matchup Achievements,Spoiled Goods,Has the second-highest weekly score but loses to the top scorer.,Marv,2018.0,12.0,Benni,120.76,,AWARDED
Matchup Achievements,Spoiled Goods,Has the second-highest weekly score but loses to the top scorer.,Benni,2018.0,14.0,Ritz,126.64,,AWARDED
Matchup Achievements,Spoiled Goods,Has the second-highest weekly score but loses to the top scorer.,Ritz,2018.0,15.0,Tommy,97.9,,AWARDED
Matchup Achievements,Spoiled Goods,Has the second-highest weekly score but loses to the top scorer.,Benni,2018.0,16.0,Ritz,126.76,,AWARDED
Matchup Achievements,The Undercard,Matchup where one team has the lowest points share of any game that season.,Simi,2018.0,3.0,Tommy,0.3076487252124646,,AWARDED
Matchup Achievements,Bully,Beats the same opponent three or more times in one season.,Marv,2018.0,,Kessi,3.0,,AWARDED
Matchup Achievements,Bully,Beats the same opponent three or more times in one season.,Ritz,2018.0,,Benni,3.0,,AWARDED
Matchup Achievements,Bullied,Loses to the same opponent three or more times in one season.,Benni,2018.0,,Ritz,3.0,,AWARDED
Matchup Achievements,Bullied,Loses to the same opponent three or more times in one season.,Kessi,2018.0,,Marv,3.0,,AWARDED
Matchup Achievements,Peak Performance,Highest single-team score in a matchup for the season.,Kessi,2019.0,14.0,Erik,166.46,,AWARDED
Matchup Achievements,The Shootout,Participates in the matchup with the highest combined points of the season.,Erik,2019.0,14.0,Kessi,268.36,,AWARDED
Matchup Achievements,The Shootout,Participates in the matchup with the highest combined points of the season.,Kessi,2019.0,14.0,Erik,268.36,,AWARDED
Matchup Achievements,The Dud Bowl,Matchup with the fewest combined points in the season.,Simi,2019.0,4.0,Tommy,122.2,,AWARDED
Matchup Achievements,The Snoozer,Participates in the matchup with the lowest combined score of the season.,Simi,2019.0,4.0,Tommy,122.2,,AWARDED
Matchup Achievements,The Dud Bowl,Matchup with the fewest combined points in the season.,Tommy,2019.0,4.0,Simi,122.2,,AWARDED
Matchup Achievements,The Snoozer,Participates in the matchup with the lowest combined score of the season.,Tommy,2019.0,4.0,Simi,122.2,,AWARDED
Matchup Achievements,Massacre,Records the biggest blowout win of the season.,Marv,2019.0,3.0,Simi,67.3,,AWARDED
Matchup Achievements,The Bye Week,Loses in the largest blowout of the season.,Simi,2019.0,3.0,Marv,-67.3,,AWARDED
Matchup Achievements,Thread the Needle,Records the narrowest margin of victory of the season.,Erik,2019.0,4.0,Kessi,0.8799999999999955,,AWARDED
Matchup Achievements,Heartbreaker,Loses the closest matchup of the season.,Kessi,2019.0,4.0,Erik,-0.8799999999999955,,AWARDED
Matchup Achievements,A Small Victory,Wins by less than 1.0 point.,Erik,2019.0,4.0,Kessi,0.8799999999999955,,AWARDED
Matchup Achievements,A Small Defeat,Loses by less than 1.0 point.,Kessi,2019.0,4.0,Erik,-0.8799999999999955,,AWARDED
Matchup Achievements,Perfectly Peaked,Beats the opponent who has the second-highest score of the week.,Erik,2019.0,7.0,Tommy,106.22,,AWARDED
Matchup Achievements,Perfectly Peaked,Beats the opponent who has the second-highest score of the week.,Marv,2019.0,9.0,Erik,148.64,,AWARDED
Matchup Achievements,Perfectly Peaked,Beats the opponent who has the second-highest score of the week.,Erik,2019.0,12.0,Tommy,134.16,,AWARDED
Matchup Achievements,True Lowlight,Posts the lowest weekly score and loses to the second-lowest scorer.,Simi,2019.0,4.0,Tommy,43.8,,AWARDED
Matchup Achievements,True Lowlight,Posts the lowest weekly score and loses to the second-lowest scorer.,Benni,2019.0,9.0,Tommy,74.64,,AWARDED
Matchup Achievements,True Lowlight,Posts the lowest weekly score and loses to the second-lowest scorer.,Ritz,2019.0,16.0,Juschka,69.7,,AWARDED
Matchup Achievements,Spoiled Goods,Has the second-highest weekly score but loses to the top scorer.,Tommy,2019.0,7.0,Erik,104.94,,AWARDED
Matchup Achievements,Spoiled Goods,Has the second-highest weekly score but loses to the top scorer.,Erik,2019.0,9.0,Marv,113.22,,AWARDED
Matchup Achievements,Spoiled Goods,Has the second-highest weekly score but loses to the top scorer.,Tommy,2019.0,12.0,Erik,112.96,,AWARDED
Matchup Achievements,The Undercard,Matchup where one team has the lowest points share of any game that season.,Benni,2019.0,11.0,Erik,0.3382168271243198,,AWARDED
Matchup Achievements,Bully,Beats the same opponent three or more times in one season.,Erik,2019.0,,Tommy,3.0,,AWARDED
Matchup Achievements,Bully,Beats the same opponent three or more times in one season.,Juschka,2019.0,,Ritz,3.0,,AWARDED
Matchup Achievements,Bully,Beats the same opponent three or more times in one season.,Kessi,2019.0,,Juschka,3.0,,AWARDED
Matchup Achievements,Bully,Beats the same opponent three or more times in one season.,Simi,2019.0,,Kessi,3.0,,AWARDED
Matchup Achievements,Bully,Beats the same opponent three or more times in one season.,Simi,2019.0,,Ritz,3.0,,AWARDED
Matchup Achievements,Bully,Beats the same opponent three or more times in one season.,Tommy,2019.0,,Benni,3.0,,AWARDED
Matchup Achievements,Bullied,Loses to the same opponent three or more times in one season.,Benni,2019.0,,Tommy,3.0,,AWARDED
Matchup Achievements,Bullied,Loses to the same opponent three or more times in one season.,Juschka,2019.0,,Kessi,3.0,,AWARDED
Matchup Achievements,Bullied,Loses to the same opponent three or more times in one season.,Kessi,2019.0,,Simi,3.0,,AWARDED
Matchup Achievements,Bullied,Loses to the same opponent three or more times in one season.,Ritz,2019.0,,Juschka,3.0,,AWARDED
Matchup Achievements,Bullied,Loses to the same opponent three or more times in one season.,Ritz,2019.0,,Simi,3.0,,AWARDED
Matchup Achievements,Bullied,Loses to the same opponent three or more times in one season.,Tommy,2019.0,,Erik,3.0,,AWARDED
Matchup Achievements,Peak Performance,Highest single-team score in a matchup for the season.,Benni,2020.0,12.0,Juschka,161.28,,AWARDED
Matchup Achievements,The Shootout,Participates in the matchup with the highest combined points of the season.,Benni,2020.0,12.0,Juschka,260.46000000000004,,AWARDED
Matchup Achievements,The Shootout,Participates in the matchup with the highest combined points of the season.,Juschka,2020.0,12.0,Benni,260.46000000000004,,AWARDED
Matchup Achievements,The Dud Bowl,Matchup with the fewest combined points in the season.,Marv,2020.0,10.0,Kessi,152.5,,AWARDED
Matchup Achievements,The Snoozer,Participates in the matchup with the lowest combined score of the season.,Marv,2020.0,10.0,Kessi,152.5,,AWARDED
Matchup Achievements,The Dud Bowl,Matchup with the fewest combined points in the season.,Kessi,2020.0,10.0,Marv,152.5,,AWARDED
Matchup Achievements,The Snoozer,Participates in the matchup with the lowest combined score of the season.,Kessi,2020.0,10.0,Marv,152.5,,AWARDED
Matchup Achievements,Massacre,Records the biggest blowout win of the season.,Marv,2020.0,9.0,Tommy,82.88,,AWARDED
Matchup Achievements,The Bye Week,Loses in the largest blowout of the season.,Tommy,2020.0,9.0,Marv,-82.88,,AWARDED
Matchup Achievements,Thread the Needle,Records the narrowest margin of victory of the season.,Ritz,2020.0,8.0,Tommy,1.3800000000000097,,AWARDED
Matchup Achievements,Heartbreaker,Loses the closest matchup of the season.,Tommy,2020.0,8.0,Ritz,-1.3800000000000097,,AWARDED
Matchup Achievements,Double Up,Scores at least double the opponent’s points.,Benni,2020.0,7.0,Juschka,120.48,,AWARDED
Matchup Achievements,Doubled Up,Opponent scores at least double this team’s points.,Juschka,2020.0,7.0,Benni,120.48,,AWARDED
Matchup Achievements,Double Up,Scores at least double the opponent’s points.,Marv,2020.0,9.0,Tommy,157.54,,AWARDED
Matchup Achievements,Doubled Up,Opponent scores at least double this team’s points.,Tommy,2020.0,9.0,Marv,157.54,,AWARDED
Matchup Achievements,Double Up,Scores at least double the opponent’s points.,Erik,2020.0,15.0,Simi,136.64,,AWARDED
Matchup Achievements,Doubled Up,Opponent scores at least double this team’s points.,Simi,2020.0,15.0,Erik,136.64,,AWARDED
Matchup Achievements,Perfectly Peaked,Beats the opponent who has the second-highest score of the week.,Erik,2020.0,1.0,Juschka,123.7,,AWARDED
Matchup Achievements,Spoiled Goods,Has the second-highest weekly score but loses to the top scorer.,Juschka,2020.0,1.0,Erik,120.84,,AWARDED
Matchup Achievements,The Undercard,Matchup where one team has the lowest points share of any game that season.,Simi,2020.0,15.0,Erik,0.2995694074225958,,AWARDED
Matchup Achievements,Bully,Beats the same opponent three or more times in one season.,Benni,2020.0,,Juschka,3.0,,AWARDED
Matchup Achievements,Bully,Beats the same opponent three or more times in one season.,Ritz,2020.0,,Erik,3.0,,AWARDED
Matchup Achievements,Bully,Beats the same opponent three or more times in one season.,Ritz,2020.0,,Tommy,3.0,,AWARDED
Matchup Achievements,Bullied,Loses to the same opponent three or more times in one season.,Erik,2020.0,,Ritz,3.0,,AWARDED
Matchup Achievements,Bullied,Loses to the same opponent three or more times in one season.,Juschka,2020.0,,Benni,3.0,,AWARDED
Matchup Achievements,Bullied,Loses to the same opponent three or more times in one season.,Tommy,2020.0,,Ritz,3.0,,AWARDED
Matchup Achievements,Peak Performance,Highest single-team score in a matchup for the season.,Ritz,2021.0,11.0,Juschka,172.2,,AWARDED
Matchup Achievements,The Shootout,Participates in the matchup with the highest combined points of the season.,Benni,2021.0,5.0,Tommy,316.2,,AWARDED
Matchup Achievements,The Shootout,Participates in the matchup with the highest combined points of the season.,Tommy,2021.0,5.0,Benni,316.2,,AWARDED
Matchup Achievements,The Dud Bowl,Matchup with the fewest combined points in the season.,Erik,2021.0,16.0,Tommy,126.32,,AWARDED
Matchup Achievements,The Snoozer,Participates in the matchup with the lowest combined score of the season.,Erik,2021.0,16.0,Tommy,126.32,,AWARDED
Matchup Achievements,The Dud Bowl,Matchup with the fewest combined points in the season.,Tommy,2021.0,16.0,Erik,126.32,,AWARDED
Matchup Achievements,The Snoozer,Participates in the matchup with the lowest combined score of the season.,Tommy,2021.0,16.0,Erik,126.32,,AWARDED
Matchup Achievements,Massacre,Records the biggest blowout win of the season.,Juschka,2021.0,2.0,Tommy,81.83999999999999,,AWARDED
Matchup Achievements,The Bye Week,Loses in the largest blowout of the season.,Tommy,2021.0,2.0,Juschka,-81.83999999999999,,AWARDED
Matchup Achievements,Thread the Needle,Records the narrowest margin of victory of the season.,Tommy,2021.0,14.0,Ritz,0.1599999999999966,,AWARDED
Matchup Achievements,Heartbreaker,Loses the closest matchup of the season.,Ritz,2021.0,14.0,Tommy,-0.1599999999999966,,AWARDED
Matchup Achievements,Doubled Up,Opponent scores at least double this team’s points.,Tommy,2021.0,2.0,Juschka,145.26,,AWARDED
Matchup Achievements,Double Up,Scores at least double the opponent’s points.,Juschka,2021.0,2.0,Tommy,145.26,,AWARDED
Matchup Achievements,A Small Defeat,Loses by less than 1.0 point.,Ritz,2021.0,14.0,Tommy,-0.1599999999999966,,AWARDED
Matchup Achievements,A Micro Defeat,Loses by less than 0.5 points.,Ritz,2021.0,14.0,Tommy,-0.1599999999999966,,AWARDED
Matchup Achievements,A Small Victory,Wins by less than 1.0 point.,Tommy,2021.0,14.0,Ritz,0.1599999999999966,,AWARDED
Matchup Achievements,A Micro Victory,Wins by less than 0.5 points.,Tommy,2021.0,14.0,Ritz,0.1599999999999966,,AWARDED
Matchup Achievements,Perfectly Peaked,Beats the opponent who has the second-highest score of the week.,Ritz,2021.0,4.0,Juschka,127.46,,AWARDED
Matchup Achievements,Perfectly Peaked,Beats the opponent who has the second-highest score of the week.,Tommy,2021.0,5.0,Benni,169.22,,AWARDED
Matchup Achievements,Spoiled Goods,Has the second-highest weekly score but loses to the top scorer.,Juschka,2021.0,4.0,Ritz,120.04,,AWARDED
Matchup Achievements,Spoiled Goods,Has the second-highest weekly score but loses to the top scorer.,Benni,2021.0,5.0,Tommy,146.98,,AWARDED
Matchup Achievements,The Undercard,Matchup where one team has the lowest points share of any game that season.,Tommy,2021.0,2.0,Juschka,0.3039102932719954,,AWARDED
Matchup Achievements,Bully,Beats the same opponent three or more times in one season.,Erik,2021.0,,Tommy,3.0,,AWARDED
Matchup Achievements,Bully,Beats the same opponent three or more times in one season.,Ritz,2021.0,,Juschka,3.0,,AWARDED
Matchup Achievements,Bullied,Loses to the same opponent three or more times in one season.,Juschka,2021.0,,Ritz,3.0,,AWARDED
Matchup Achievements,Bullied,Loses to the same opponent three or more times in one season.,Tommy,2021.0,,Erik,3.0,,AWARDED
Matchup Achievements,Peak Performance,Highest single-team score in a matchup for the season.,Erik,2022.0,8.0,Kessi,178.04,,AWARDED
Matchup Achievements,The Shootout,Participates in the matchup with the highest combined points of the season.,Benni,2022.0,11.0,Simi,279.46,,AWARDED
Matchup Achievements,The Shootout,Participates in the matchup with the highest combined points of the season.,Simi,2022.0,11.0,Benni,279.46,,AWARDED
Matchup Achievements,The Dud Bowl,Matchup with the fewest combined points in the season.,Tommy,2022.0,10.0,Juschka,150.0,,AWARDED
Matchup Achievements,The Snoozer,Participates in the matchup with the lowest combined score of the season.,Tommy,2022.0,10.0,Juschka,150.0,,AWARDED
Matchup Achievements,The Dud Bowl,Matchup with the fewest combined points in the season.,Juschka,2022.0,10.0,Tommy,150.0,,AWARDED
Matchup Achievements,The Snoozer,Participates in the matchup with the lowest combined score of the season.,Juschka,2022.0,10.0,Tommy,150.0,,AWARDED
Matchup Achievements,Massacre,Records the biggest blowout win of the season.,Erik,2022.0,8.0,Kessi,119.06,,AWARDED
Matchup Achievements,The Bye Week,Loses in the largest blowout of the season.,Kessi,2022.0,8.0,Erik,-119.06,,AWARDED
Matchup Achievements,Thread the Needle,Records the narrowest margin of victory of the season.,Ritz,2022.0,3.0,Benni,0.0400000000000062,,AWARDED
Matchup Achievements,Heartbreaker,Loses the closest matchup of the season.,Benni,2022.0,3.0,Ritz,-0.0400000000000062,,AWARDED
Matchup Achievements,A Small Defeat,Loses by less than 1.0 point.,Benni,2022.0,3.0,Ritz,-0.0400000000000062,,AWARDED
Matchup Achievements,A Micro Defeat,Loses by less than 0.5 points.,Benni,2022.0,3.0,Ritz,-0.0400000000000062,,AWARDED
Matchup Achievements,A Small Victory,Wins by less than 1.0 point.,Ritz,2022.0,3.0,Benni,0.0400000000000062,,AWARDED
Matchup Achievements,A Micro Victory,Wins by less than 0.5 points.,Ritz,2022.0,3.0,Benni,0.0400000000000062,,AWARDED
Matchup Achievements,A Small Defeat,Loses by less than 1.0 point.,Benni,2022.0,4.0,Simi,-0.8200000000000074,,AWARDED
Matchup Achievements,A Small Victory,Wins by less than 1.0 point.,Simi,2022.0,4.0,Benni,0.8200000000000074,,AWARDED
Matchup Achievements,Doubled Up,Opponent scores at least double this team’s points.,Kessi,2022.0,8.0,Erik,178.04,,AWARDED
Matchup Achievements,Double Up,Scores at least double the opponent’s points.,Erik,2022.0,8.0,Kessi,178.04,,AWARDED
Matchup Achievements,A Small Victory,Wins by less than 1.0 point.,Kessi,2022.0,9.0,Marv,0.1200000000000045,,AWARDED
Matchup Achievements,A Micro Victory,Wins by less than 0.5 points.,Kessi,2022.0,9.0,Marv,0.1200000000000045,,AWARDED
Matchup Achievements,A Small Defeat,Loses by less than 1.0 point.,Marv,2022.0,9.0,Kessi,-0.1200000000000045,,AWARDED
Matchup Achievements,A Micro Defeat,Loses by less than 0.5 points.,Marv,2022.0,9.0,Kessi,-0.1200000000000045,,AWARDED
Matchup Achievements,Doubled Up,Opponent scores at least double this team’s points.,Simi,2022.0,14.0,Ritz,114.0,,AWARDED
Matchup Achievements,Double Up,Scores at least double the opponent’s points.,Ritz,2022.0,14.0,Simi,114.0,,AWARDED
Matchup Achievements,Perfectly Peaked,Beats the opponent who has the second-highest score of the week.,Ritz,2022.0,3.0,Benni,113.92,,AWARDED
Matchup Achievements,Perfectly Peaked,Beats the opponent who has the second-highest score of the week.,Benni,2022.0,9.0,Tommy,147.04,,AWARDED
Matchup Achievements,Perfectly Peaked,Beats the opponent who has the second-highest score of the week.,Erik,2022.0,16.0,Benni,123.3,,AWARDED
Matchup Achievements,True Lowlight,Posts the lowest weekly score and loses to the second-lowest scorer.,Kessi,2022.0,4.0,Ritz,50.78,,AWARDED
Matchup Achievements,True Lowlight,Posts the lowest weekly score and loses to the second-lowest scorer.,Marv,2022.0,9.0,Kessi,86.42,,AWARDED
Matchup Achievements,True Lowlight,Posts the lowest weekly score and loses to the second-lowest scorer.,Juschka,2022.0,11.0,Marv,74.58,,AWARDED
Matchup Achievements,Spoiled Goods,Has the second-highest weekly score but loses to the top scorer.,Benni,2022.0,3.0,Ritz,113.88,,AWARDED
Matchup Achievements,Spoiled Goods,Has the second-highest weekly score but loses to the top scorer.,Tommy,2022.0,9.0,Benni,117.22,,AWARDED
Matchup Achievements,Spoiled Goods,Has the second-highest weekly score but loses to the top scorer.,Benni,2022.0,16.0,Erik,111.56,,AWARDED
Matchup Achievements,The Undercard,Matchup where one team has the lowest points share of any game that season.,Kessi,2022.0,8.0,Erik,0.2488397603577757,,AWARDED
Matchup Achievements,Bully,Beats the same opponent three or more times in one season.,Juschka,2022.0,,Simi,3.0,,AWARDED
Matchup Achievements,Bully,Beats the same opponent three or more times in one season.,Kessi,2022.0,,Juschka,3.0,,AWARDED
Matchup Achievements,Bully,Beats the same opponent three or more times in one season.,Kessi,2022.0,,Marv,3.0,,AWARDED
Matchup Achievements,Bullied,Loses to the same opponent three or more times in one season.,Juschka,2022.0,,Kessi,3.0,,AWARDED
Matchup Achievements,Bullied,Loses to the same opponent three or more times in one season.,Marv,2022.0,,Kessi,3.0,,AWARDED
Matchup Achievements,Bullied,Loses to the same opponent three or more times in one season.,Simi,2022.0,,Juschka,3.0,,AWARDED
Matchup Achievements,Peak Performance,Highest single-team score in a matchup for the season.,Benni,2023.0,3.0,Kessi,188.58,,AWARDED
Matchup Achievements,The Shootout,Participates in the matchup with the highest combined points of the season.,Benni,2023.0,3.0,Kessi,271.26,,AWARDED
Matchup Achievements,The Shootout,Participates in the matchup with the highest combined points of the season.,Kessi,2023.0,3.0,Benni,271.26,,AWARDED
Matchup Achievements,The Dud Bowl,Matchup with the fewest combined points in the season.,Simi,2023.0,6.0,Juschka,141.94,,AWARDED
Matchup Achievements,The Snoozer,Participates in the matchup with the lowest combined score of the season.,Simi,2023.0,6.0,Juschka,141.94,,AWARDED
Matchup Achievements,The Dud Bowl,Matchup with the fewest combined points in the season.,Juschka,2023.0,6.0,Simi,141.94,,AWARDED
Matchup Achievements,The Snoozer,Participates in the matchup with the lowest combined score of the season.,Juschka,2023.0,6.0,Simi,141.94,,AWARDED
Matchup Achievements,Massacre,Records the biggest blowout win of the season.,Benni,2023.0,3.0,Kessi,105.9,,AWARDED
Matchup Achievements,The Bye Week,Loses in the largest blowout of the season.,Kessi,2023.0,3.0,Benni,-105.9,,AWARDED
Matchup Achievements,Thread the Needle,Records the narrowest margin of victory of the season.,Simi,2023.0,12.0,Erik,0.2999999999999971,,AWARDED
Matchup Achievements,Heartbreaker,Loses the closest matchup of the season.,Erik,2023.0,12.0,Simi,-0.2999999999999971,,AWARDED
Matchup Achievements,Double Up,Scores at least double the opponent’s points.,Benni,2023.0,3.0,Kessi,188.58,,AWARDED
Matchup Achievements,Doubled Up,Opponent scores at least double this team’s points.,Kessi,2023.0,3.0,Benni,188.58,,AWARDED
Matchup Achievements,A Small Defeat,Loses by less than 1.0 point.,Kessi,2023.0,7.0,Simi,-0.8000000000000114,,AWARDED
Matchup Achievements,A Small Victory,Wins by less than 1.0 point.,Simi,2023.0,7.0,Kessi,0.8000000000000114,,AWARDED
Matchup Achievements,Doubled Up,Opponent scores at least double this team’s points.,Benni,2023.0,9.0,Juschka,102.94,,AWARDED
Matchup Achievements,Double Up,Scores at least double the opponent’s points.,Juschka,2023.0,9.0,Benni,102.94,,AWARDED
Matchup Achievements,Double Up,Scores at least double the opponent’s points.,Ritz,2023.0,9.0,Marv,126.7,,AWARDED
Matchup Achievements,Doubled Up,Opponent scores at least double this team’s points.,Marv,2023.0,9.0,Ritz,126.7,,AWARDED
Matchup Achievements,A Small Victory,Wins by less than 1.0 point.,Simi,2023.0,12.0,Erik,0.2999999999999971,,AWARDED
Matchup Achievements,A Micro Victory,Wins by less than 0.5 points.,Simi,2023.0,12.0,Erik,0.2999999999999971,,AWARDED
Matchup Achievements,A Small Defeat,Loses by less than 1.0 point.,Erik,2023.0,12.0,Simi,-0.2999999999999971,,AWARDED
Matchup Achievements,A Micro Defeat,Loses by less than 0.5 points.,Erik,2023.0,12.0,Simi,-0.2999999999999971,,AWARDED
Matchup Achievements,Doubled Up,Opponent scores at least double this team’s points.,Simi,2023.0,15.0,Erik,156.42,,AWARDED
Matchup Achievements,Double Up,Scores at least double the opponent’s points.,Erik,2023.0,15.0,Simi,156.42,,AWARDED
Matchup Achievements,The Undercard,Matchup where one team has the lowest points share of any game that season.,Simi,2023.0,15.0,Erik,0.2471845220906728,,AWARDED
Matchup Achievements,Peak Performance,Highest single-team score in a matchup for the season.,Marv,2024.0,15.0,Tommy,164.08,,AWARDED
Matchup Achievements,The Shootout,Participates in the matchup with the highest combined points of the season.,Tommy,2024.0,15.0,Marv,283.98,,AWARDED
Matchup Achievements,The Shootout,Participates in the matchup with the highest combined points of the season.,Marv,2024.0,15.0,Tommy,283.98,,AWARDED
Matchup Achievements,The Dud Bowl,Matchup with the fewest combined points in the season.,Benni,2024.0,12.0,Juschka,153.01999999999998,,AWARDED
Matchup Achievements,The Snoozer,Participates in the matchup with the lowest combined score of the season.,Benni,2024.0,12.0,Juschka,153.01999999999998,,AWARDED
Matchup Achievements,The Dud Bowl,Matchup with the fewest combined points in the season.,Juschka,2024.0,12.0,Benni,153.01999999999998,,AWARDED
Matchup Achievements,The Snoozer,Participates in the matchup with the lowest combined score of the season.,Juschka,2024.0,12.0,Benni,153.01999999999998,,AWARDED
Matchup Achievements,Massacre,Records the biggest blowout win of the season.,Simi,2024.0,4.0,Marv,86.80000000000001,,AWARDED
Matchup Achievements,The Bye Week,Loses in the largest blowout of the season.,Marv,2024.0,4.0,Simi,-86.80000000000001,,AWARDED
Matchup Achievements,Thread the Needle,Records the narrowest margin of victory of the season.,Juschka,2024.0,4.0,Kessi,0.7399999999999949,,AWARDED
Matchup Achievements,Heartbreaker,Loses the closest matchup of the season.,Kessi,2024.0,4.0,Juschka,-0.7399999999999949,,AWARDED
Matchup Achievements,A Small Defeat,Loses by less than 1.0 point.,Kessi,2024.0,4.0,Juschka,-0.7399999999999949,,AWARDED
Matchup Achievements,A Small Victory,Wins by less than 1.0 point.,Juschka,2024.0,4.0,Kessi,0.7399999999999949,,AWARDED
Matchup Achievements,Double Up,Scores at least double the opponent’s points.,Simi,2024.0,4.0,Marv,131.3,,AWARDED
Matchup Achievements,Doubled Up,Opponent scores at least double this team’s points.,Marv,2024.0,4.0,Simi,131.3,,AWARDED
Matchup Achievements,Perfectly Peaked,Beats the opponent who has the second-highest score of the week.,Benni,2024.0,5.0,Juschka,117.42,,AWARDED
Matchup Achievements,Perfectly Peaked,Beats the opponent who has the second-highest score of the week.,Erik,2024.0,11.0,Benni,136.68,,AWARDED
Matchup Achievements,Perfectly Peaked,Beats the opponent who has the second-highest score of the week.,Marv,2024.0,15.0,Tommy,164.08,,AWARDED
Matchup Achievements,True Lowlight,Posts the lowest weekly score and loses to the second-lowest scorer.,Erik,2024.0,5.0,Kessi,76.3,,AWARDED
Matchup Achievements,True Lowlight,Posts the lowest weekly score and loses to the second-lowest scorer.,Tommy,2024.0,14.0,Benni,76.96,,AWARDED
Matchup Achievements,Spoiled Goods,Has the second-highest weekly score but loses to the top scorer.,Juschka,2024.0,5.0,Benni,114.18,,AWARDED
Matchup Achievements,Spoiled Goods,Has the second-highest weekly score but loses to the top scorer.,Benni,2024.0,11.0,Erik,119.44,,AWARDED
Matchup Achievements,Spoiled Goods,Has the second-highest weekly score but loses to the top scorer.,Tommy,2024.0,15.0,Marv,119.9,,AWARDED
Matchup Achievements,The Undercard,Matchup where one team has the lowest points share of any game that season.,Marv,2024.0,4.0,Simi,0.2531285551763367,,AWARDED
Matchup Achievements,Bully,Beats the same opponent three or more times in one season.,Benni,2024.0,,Kessi,3.0,,AWARDED
Matchup Achievements,Bullied,Loses to the same opponent three or more times in one season.,Kessi,2024.0,,Benni,3.0,,AWARDED
Matchup Achievements,Peak Performance,Highest single-team score in a matchup for the season.,Simi,2025.0,12.0,Tommy,164.26,,AWARDED
Matchup Achievements,The Shootout,Participates in the matchup with the highest combined points of the season.,Benni,2025.0,15.0,Marv,278.08,,AWARDED
Matchup Achievements,The Shootout,Participates in the matchup with the highest combined points of the season.,Marv,2025.0,15.0,Benni,278.08,,AWARDED
Matchup Achievements,The Dud Bowl,Matchup with the fewest combined points in the season.,Erik,2025.0,8.0,Juschka,122.9,,AWARDED
Matchup Achievements,The Snoozer,Participates in the matchup with the lowest combined score of the season.,Erik,2025.0,8.0,Juschka,122.9,,AWARDED
Matchup Achievements,The Dud Bowl,Matchup with the fewest combined points in the season.,Juschka,2025.0,8.0,Erik,122.9,,AWARDED
Matchup Achievements,The Snoozer,Participates in the matchup with the lowest combined score of the season.,Juschka,2025.0,8.0,Erik,122.9,,AWARDED
Matchup Achievements,Massacre,Records the biggest blowout win of the season.,Simi,2025.0,12.0,Tommy,72.8,,AWARDED
Matchup Achievements,The Bye Week,Loses in the largest blowout of the season.,Tommy,2025.0,12.0,Simi,-72.8,,AWARDED
Matchup Achievements,Thread the Needle,Records the narrowest margin of victory of the season.,Ritz,2025.0,5.0,Juschka,2.319999999999993,,AWARDED
Matchup Achievements,Heartbreaker,Loses the closest matchup of the season.,Juschka,2025.0,5.0,Ritz,-2.319999999999993,,AWARDED
Matchup Achievements,Perfectly Peaked,Beats the opponent who has the second-highest score of the week.,Juschka,2025.0,7.0,Kessi,147.02,,AWARDED
Matchup Achievements,Perfectly Peaked,Beats the opponent who has the second-highest score of the week.,Benni,2025.0,11.0,Tommy,119.62,,AWARDED
Matchup Achievements,Perfectly Peaked,Beats the opponent who has the second-highest score of the week.,Marv,2025.0,15.0,Benni,158.22,,AWARDED
Matchup Achievements,True Lowlight,Posts the lowest weekly score and loses to the second-lowest scorer.,Juschka,2025.0,1.0,Erik,70.68,,AWARDED
Matchup Achievements,True Lowlight,Posts the lowest weekly score and loses to the second-lowest scorer.,Kessi,2025.0,3.0,Marv,58.06,,AWARDED
Matchup Achievements,True Lowlight,Posts the lowest weekly score and loses to the second-lowest scorer.,Tommy,2025.0,4.0,Benni,82.52,,AWARDED
Matchup Achievements,True Lowlight,Posts the lowest weekly score and loses to the second-lowest scorer.,Tommy,2025.0,5.0,Simi,78.36,,AWARDED
Matchup Achievements,True Lowlight,Posts the lowest weekly score and loses to the second-lowest scorer.,Juschka,2025.0,8.0,Erik,55.38,,AWARDED
Matchup Achievements,True Lowlight,Posts the lowest weekly score and loses to the second-lowest scorer.,Simi,2025.0,11.0,Kessi,70.4,,AWARDED
Matchup Achievements,Spoiled Goods,Has the second-highest weekly score but loses to the top scorer.,Kessi,2025.0,7.0,Juschka,106.24,,AWARDED
Matchup Achievements,Spoiled Goods,Has the second-highest weekly score but loses to the top scorer.,Tommy,2025.0,11.0,Benni,110.74,,AWARDED
Matchup Achievements,Spoiled Goods,Has the second-highest weekly score but loses to the top scorer.,Benni,2025.0,15.0,Marv,119.86,,AWARDED
Matchup Achievements,The Undercard,Matchup where one team has the lowest points share of any game that season.,Tommy,2025.0,9.0,Marv,0.357031493607733,,AWARDED
