season,team,wins,losses,ties,points_for,points_against,points_share_avg,opp_points_share_avg,high_scores,top_scores,top_half_scores,worst_scores,bottom_scores,bottom_half_scores,blowout_wins,blowout_losses,narrow_wins,narrow_losses,all_play_wins,all_play_losses,games,win_pct,all_play_win_pct,winning_record,losing_record,sos_avg_opp_points
2015,Benni,9,5,0,1478.48,1437.7,0.5072915806697667,0.4927084193302334,3,9,11,0,2,3,2,1,1,1,66.0,32.0,14,0.6428571428571429,0.673469387755102,True,False,1331.9542857142858
2015,Erik,8,6,0,1437.9,1468.16,0.49366377870836636,0.5063362212916337,4,9,9,1,5,5,2,4,1,0,60.0,38.0,14,0.5714285714285714,0.6122448979591837,True,False,1337.7514285714285
2015,Juschka,4,10,0,1213.6,1418.36,0.4562279547822075,0.5437720452177925,2,3,6,4,7,8,1,4,0,0,40.0,58.0,14,0.2857142857142857,0.40816326530612246,False,True,1369.7942857142857
2015,Kessi,11,3,0,1448.58,1178.28,0.5542173131086262,0.4457826868913738,1,7,10,1,2,4,6,0,1,0,62.0,36.0,14,0.7857142857142857,0.6326530612244898,True,False,1336.2257142857143
2015,Marv,4,10,0,1210.78,1386.68,0.46740441054480175,0.5325955894551984,0,1,1,2,9,13,0,4,0,3,30.0,68.0,14,0.2857142857142857,0.30612244897959184,False,True,1370.1971428571428
2015,Ritz,8,6,0,1308.28,1272.74,0.5100535198116263,0.48994648018837367,1,3,5,0,6,9,1,1,1,0,42.0,56.0,14,0.5714285714285714,0.42857142857142855,True,False,1356.2685714285712
2015,Simi,8,6,0,1433.68,1281.98,0.5284786246563278,0.4715213753436722,2,7,8,1,5,6,5,1,1,0,54.0,44.0,14,0.5714285714285714,0.5510204081632653,True,False,1338.3542857142857
2015,Tommy,4,10,0,1270.86,1358.26,0.48266281771827757,0.5173371822817224,1,3,6,5,6,8,0,2,1,2,38.0,60.0,14,0.2857142857142857,0.3877551020408163,False,True,1361.6142857142856
2016,Benni,7,7,0,1377.32,1358.56,0.5053942237565179,0.4946057762434822,2,5,9,1,4,5,2,2,1,2,52.0,46.0,14,0.5,0.5306122448979592,False,False,1362.4485714285713
2016,Erik,9,5,0,1472.24,1366.3400000000001,0.5166613622163521,0.48333863778364794,2,7,9,1,2,5,5,1,3,0,63.0,35.0,14,0.6428571428571429,0.6428571428571429,True,False,1348.8885714285716
2016,Juschka,6,8,0,1246.66,1389.48,0.47377708274078634,0.5262229172592138,1,2,3,5,9,11,1,4,0,1,31.0,67.0,14,0.42857142857142855,0.3163265306122449,False,True,1381.1142857142856
2016,Kessi,7,7,0,1364.88,1298.28,0.5160348174980803,0.48396518250191967,3,6,7,0,7,7,3,2,1,3,50.0,48.0,14,0.5,0.5102040816326531,False,False,1364.2257142857143
2016,Marv,10,4,0,1596.64,1310.3,0.5508959438485571,0.4491040561514429,3,11,12,0,0,2,6,0,1,1,75.0,23.0,14,0.7142857142857143,0.7653061224489796,True,False,1331.1171428571429
2016,Ritz,8,6,0,1373.4,1368.34,0.5016838036895136,0.49831619631048646,2,5,7,4,4,7,2,3,0,1,47.0,51.0,14,0.5714285714285714,0.47959183673469385,True,False,1363.0085714285713
2016,Simi,3,11,0,1244.84,1420.92,0.46687380811927753,0.5331261918807224,1,2,4,2,7,10,1,3,0,1,37.0,61.0,14,0.21428571428571427,0.37755102040816324,False,True,1381.3742857142859
2016,Tommy,6,8,0,1238.48,1402.24,0.46867895813091515,0.5313210418690849,0,4,5,1,9,9,0,5,4,1,37.0,61.0,14,0.42857142857142855,0.37755102040816324,False,True,1382.282857142857
2017,Benni,7,7,0,1333.5,1389.48,0.49116781922636166,0.5088321807736383,1,4,7,0,6,7,1,2,1,1,49.0,49.0,14,0.5,0.5,False,False,1312.0742857142857
2017,Erik,7,7,0,1459.98,1370.52,0.5122790584356985,0.48772094156430146,5,8,10,2,3,4,4,1,0,1,64.0,34.0,14,0.5,0.6530612244897959,False,False,1294.0057142857145
2017,Juschka,5,9,0,1195.06,1328.18,0.46974448989037826,0.5302555101096218,1,4,6,3,7,8,0,3,2,2,40.0,58.0,14,0.35714285714285715,0.40816326530612246,False,True,1331.8514285714284
2017,Kessi,6,8,0,1190.3,1328.94,0.48089181275578896,0.519108187244211,0,4,5,4,7,9,2,4,0,0,33.0,65.0,14,0.42857142857142855,0.336734693877551,False,True,1332.5314285714285
2017,Marv,6,8,0,1271.3,1263.68,0.5033321431642952,0.49666785683570486,2,3,5,2,7,9,0,0,1,2,42.0,56.0,14,0.42857142857142855,0.42857142857142855,False,True,1320.9599999999998
2017,Ritz,9,5,0,1271.44,1201.64,0.5190203982810068,0.48097960171899334,0,3,5,0,7,9,2,2,2,1,43.0,55.0,14,0.6428571428571429,0.4387755102040816,True,False,1320.94
2017,Simi,11,3,0,1489.68,1354.76,0.5228654664978545,0.4771345335021455,3,10,10,0,0,4,2,1,4,1,72.0,26.0,14,0.7857142857142857,0.7346938775510204,True,False,1289.7628571428572
2017,Tommy,5,9,0,1306.76,1280.82,0.5006988117486163,0.49930118825138375,2,6,8,3,5,6,4,2,0,2,49.0,49.0,14,0.35714285714285715,0.5,False,True,1315.8942857142858
2018,Benni,10,4,0,1709.76,1416.24,0.5477645767954509,0.4522354232045491,4,10,11,0,3,3,6,0,0,2,70.0,28.0,14,0.7142857142857143,0.7142857142857143,True,False,1456.9057142857143
2018,Erik,5,9,0,1551.1,1589.32,0.4958287875014293,0.5041712124985708,1,4,7,0,4,7,3,3,0,1,51.0,47.0,14,0.35714285714285715,0.5204081632653061,False,True,1479.5714285714287
2018,Juschka,9,5,0,1591.48,1486.98,0.5170553195303641,0.4829446804696359,2,8,11,1,1,3,3,1,3,0,65.0,33.0,14,0.6428571428571429,0.6632653061224489,True,False,1473.802857142857
2018,Kessi,0,14,0,1209.1,1558.02,0.4378209040460125,0.5621790959539875,0,0,0,3,13,14,0,4,0,1,16.0,82.0,14,0.0,0.16326530612244897,False,True,1528.4285714285713
2018,Marv,7,7,0,1305.08,1461.34,0.47570126291806825,0.5242987370819318,0,3,4,4,9,10,1,5,0,0,31.0,67.0,14,0.5,0.3163265306122449,False,False,1514.717142857143
2018,Ritz,13,1,0,1675.46,1425.76,0.5422002660859352,0.4577997339140648,4,11,14,0,0,0,4,0,3,0,77.0,21.0,14,0.9285714285714286,0.7857142857142857,True,False,1461.8057142857142
2018,Simi,4,10,0,1333.46,1514.84,0.46432043977482734,0.5356795602251727,1,1,3,4,9,11,1,5,0,2,30.0,68.0,14,0.2857142857142857,0.30612244897959184,False,True,1510.662857142857
2018,Tommy,8,6,0,1532.66,1455.6,0.5193084433479126,0.4806915566520874,2,5,6,2,3,8,3,3,0,0,52.0,46.0,14,0.5714285714285714,0.5306122448979592,True,False,1482.2057142857143
2019,Benni,7,7,0,1391.74,1319.42,0.5109363461005969,0.48906365389940304,3,4,7,3,6,7,3,2,1,1,46.0,52.0,14,0.5,0.46938775510204084,False,False,1413.8885714285714
2019,Erik,11,3,0,1641.36,1406.34,0.5413673626944238,0.4586326373055762,6,10,12,0,1,2,6,2,2,0,76.0,22.0,14,0.7857142857142857,0.7755102040816326,True,False,1378.2285714285715
2019,Juschka,6,8,0,1326.66,1450.14,0.47881466917671006,0.5211853308232899,0,2,4,2,6,10,0,3,1,1,36.0,62.0,14,0.42857142857142855,0.3673469387755102,False,True,1423.185714285714
2019,Kessi,5,9,0,1326.16,1453.56,0.4690339178418707,0.5309660821581292,1,3,6,4,7,8,1,4,1,2,37.0,61.0,14,0.35714285714285715,0.37755102040816324,False,True,1423.2571428571428
2019,Marv,10,4,0,1592.86,1359.52,0.5407017547557333,0.45929824524426666,4,9,9,1,3,5,7,2,0,0,66.0,32.0,14,0.7142857142857143,0.673469387755102,True,False,1385.1571428571428
2019,Ritz,5,9,0,1323.2,1440.42,0.48159117665036827,0.5184088233496318,0,3,6,1,6,8,2,4,0,2,43.0,55.0,14,0.35714285714285715,0.4387755102040816,False,True,1423.68
2019,Simi,6,8,0,1276.42,1442.3,0.4716949660401375,0.5283050339598625,0,5,6,3,7,8,2,5,2,0,39.0,59.0,14,0.42857142857142855,0.3979591836734694,False,True,1430.3628571428574
2019,Tommy,6,8,0,1410.56,1417.26,0.5058598067401593,0.4941401932598407,0,6,6,0,6,8,2,1,0,1,49.0,49.0,14,0.42857142857142855,0.5,False,True,1411.2
2020,Benni,8,6,0,1564.04,1401.4,0.5292985743389113,0.47070142566108875,3,6,9,0,3,5,4,1,0,2,61.0,37.0,14,0.5714285714285714,0.6224489795918368,True,False,1421.462857142857
2020,Erik,5,9,0,1383.96,1478.8,0.48081102832172384,0.5191889716782762,1,4,5,3,7,9,2,4,2,0,41.0,57.0,14,0.35714285714285715,0.41836734693877553,False,True,1447.1885714285713
2020,Juschka,9,5,0,1551.7,1388.32,0.5306258557621225,0.46937414423787743,2,10,12,2,2,2,6,2,0,1,68.0,30.0,14,0.6428571428571429,0.6938775510204082,True,False,1423.2257142857143
2020,Kessi,7,7,0,1422.02,1349.1,0.515365624517209,0.4846343754827909,2,4,6,1,6,8,4,2,0,0,46.0,52.0,14,0.5,0.46938775510204084,False,False,1441.7514285714285
2020,Marv,12,2,0,1664.6200000000001,1429.72,0.5369363460835815,0.4630636539164185,5,10,12,0,1,2,4,1,1,0,74.0,24.0,14,0.8571428571428571,0.7551020408163265,True,False,1407.0942857142857
2020,Ritz,7,7,0,1380.24,1465.68,0.4853386670510969,0.5146613329489031,1,4,6,2,7,8,1,3,1,0,41.0,57.0,14,0.5,0.41836734693877553,False,False,1447.72
2020,Simi,4,10,0,1315.12,1489.1,0.470380374064502,0.529619625935498,0,4,6,2,8,8,1,4,0,1,38.0,60.0,14,0.2857142857142857,0.3877551020408163,False,True,1457.0228571428572
2020,Tommy,4,10,0,1232.58,1512.16,0.4512435298608529,0.5487564701391471,0,0,0,4,8,14,0,5,2,2,23.0,75.0,14,0.2857142857142857,0.23469387755102042,False,True,1468.814285714286
2021,Benni,9,5,0,1577.46,1385.6,0.5354778256107329,0.4645221743892672,3,8,10,0,3,4,5,1,0,0,66.0,32.0,14,0.6428571428571429,0.673469387755102,True,False,1428.0914285714284
2021,Erik,10,4,0,1384.5,1275.22,0.524395496893966,0.4756045031060339,0,3,6,1,4,8,3,1,2,0,46.0,52.0,14,0.7142857142857143,0.46938775510204084,True,False,1455.6571428571428
2021,Juschka,4,10,0,1425.36,1555.8,0.4797948989607522,0.5202051010392478,0,5,7,2,5,7,1,3,1,0,46.0,52.0,14,0.2857142857142857,0.46938775510204084,False,True,1449.82
2021,Kessi,7,7,0,1505.58,1458.56,0.5050381882871148,0.4949618117128853,4,7,7,1,6,7,5,3,0,1,53.0,45.0,14,0.5,0.5408163265306123,False,False,1438.3600000000001
2021,Marv,7,7,0,1351.2,1383.04,0.48910817940225043,0.5108918205977495,1,5,7,4,6,7,2,3,1,1,42.0,56.0,14,0.5,0.42857142857142855,False,False,1460.4142857142856
2021,Ritz,7,7,0,1540.12,1490.18,0.5080121013438459,0.49198789865615405,4,7,9,2,5,5,4,3,0,2,58.0,40.0,14,0.5,0.5918367346938775,False,False,1433.4257142857143
2021,Simi,5,9,0,1381.16,1561.62,0.4692972425752699,0.53070275742473,1,3,5,2,6,9,1,6,1,1,40.0,58.0,14,0.35714285714285715,0.40816326530612246,False,True,1456.1342857142859
2021,Tommy,7,7,0,1408.72,1464.08,0.4888760669260678,0.5111239330739322,1,4,5,2,7,9,1,2,2,2,41.0,57.0,14,0.5,0.41836734693877553,False,False,1452.1971428571428
2022,Benni,10,4,0,1686.9199999999998,1346.9,0.5549524383992833,0.4450475616007167,8,10,10,1,4,4,6,1,0,2,73.0,25.0,14,0.7142857142857143,0.7448979591836735,True,False,1379.0085714285713
2022,Erik,8,6,0,1513.02,1452.82,0.5102281841265427,0.4897718158734573,2,5,10,1,3,4,2,3,1,0,58.0,40.0,14,0.5714285714285714,0.5918367346938775,True,False,1403.8514285714284
2022,Juschka,4,10,0,1281.68,1420.94,0.47073828847187016,0.52926171152813,1,3,4,2,9,10,1,3,1,0,35.0,63.0,14,0.2857142857142857,0.35714285714285715,False,True,1436.8999999999999
2022,Kessi,6,8,0,1258.1200000000001,1418.76,0.47215017849927177,0.5278498215007282,0,3,4,3,7,10,1,3,1,0,34.0,64.0,14,0.42857142857142855,0.3469387755102041,False,True,1440.2657142857145
2022,Marv,4,10,0,1234.14,1469.6,0.45675193898850225,0.5432480610114977,0,2,4,5,10,10,0,4,1,2,26.0,72.0,14,0.2857142857142857,0.2653061224489796,False,True,1443.6914285714286
2022,Ritz,11,3,0,1455.7,1288.62,0.5368799385138531,0.4631200614861469,2,7,8,0,4,6,4,1,1,0,56.0,42.0,14,0.7857142857142857,0.5714285714285714,True,False,1412.0400000000002
2022,Simi,4,10,0,1439.32,1605.1,0.47149877443398314,0.5285012255660169,1,6,8,1,2,6,1,2,1,2,55.0,43.0,14,0.2857142857142857,0.5612244897959183,False,True,1414.3799999999999
2022,Tommy,9,5,0,1471.08,1337.24,0.5268002585666937,0.4731997414333064,0,6,8,1,3,6,3,1,0,0,55.0,43.0,14,0.6428571428571429,0.5612244897959183,True,False,1409.8428571428572
2023,Benni,8,6,0,1547.52,1345.08,0.5259360942814795,0.4740639057185206,5,8,8,1,4,6,4,1,0,2,62.0,36.0,14,0.5714285714285714,0.6326530612244898,True,False,1380.8314285714284
2023,Erik,7,7,0,1497.56,1461.08,0.5054917829437863,0.49450821705621373,3,8,10,0,3,4,1,0,0,3,63.0,35.0,14,0.5,0.6428571428571429,False,False,1387.9685714285715
2023,Juschka,5,9,0,1239.44,1398.46,0.47708365845399686,0.5229163415460032,1,1,4,6,8,10,2,4,0,0,27.0,71.0,14,0.35714285714285715,0.2755102040816326,False,True,1424.8428571428572
2023,Kessi,5,9,0,1283.74,1452.26,0.47366396585634085,0.5263360341436591,0,0,5,2,7,9,0,3,2,1,32.0,66.0,14,0.35714285714285715,0.32653061224489793,False,True,1418.5142857142857
2023,Marv,6,8,0,1310.6,1433.6,0.478537916011316,0.521462083988684,0,4,4,3,7,10,0,2,1,0,37.0,61.0,14,0.42857142857142855,0.37755102040816324,False,True,1414.6771428571428
2023,Ritz,6,8,0,1392.84,1416.1,0.4942998652357324,0.5057001347642676,1,5,6,0,5,8,2,2,2,0,49.0,49.0,14,0.42857142857142855,0.5,False,True,1402.9285714285713
2023,Simi,10,4,0,1410.72,1314.4,0.5153809130952983,0.4846190869047017,1,5,8,2,5,6,1,2,2,1,51.0,47.0,14,0.7142857142857143,0.5204081632653061,True,False,1400.3742857142856
2023,Tommy,9,5,0,1530.92,1392.36,0.5296058041220498,0.47039419587795006,3,11,11,0,3,3,6,2,0,0,71.0,27.0,14,0.6428571428571429,0.7244897959183674,True,False,1383.202857142857
2024,Benni,10,4,0,1421.88,1377.22,0.510046156616217,0.489953843383783,1,5,8,1,4,6,1,1,2,0,53.0,45.0,14,0.7142857142857143,0.5408163265306123,True,False,1428.1142857142856
2024,Erik,4,10,0,1374.2,1574.0,0.46505130358543567,0.5349486964145643,2,4,7,2,5,7,0,4,0,0,45.0,53.0,14,0.2857142857142857,0.45918367346938777,False,True,1434.9257142857143
2024,Juschka,4,10,0,1306.64,1442.08,0.47530304360736714,0.5246969563926329,0,3,6,3,7,8,0,0,2,1,36.0,62.0,14,0.2857142857142857,0.3673469387755102,False,True,1444.577142857143
2024,Kessi,8,6,0,1474.9,1286.3,0.5313255444096523,0.46867445559034776,2,5,6,2,6,8,4,0,1,2,48.0,50.0,14,0.5714285714285714,0.4897959183673469,True,False,1420.5400000000002
2024,Marv,7,7,0,1457.14,1530.18,0.48521660352555057,0.5147833964744495,3,7,8,2,6,6,2,4,0,0,55.0,43.0,14,0.5,0.5612244897959183,False,False,1423.077142857143
2024,Ritz,5,9,0,1400.84,1493.12,0.48608281320335406,0.513917186796646,1,5,5,1,5,9,1,3,0,1,44.0,54.0,14,0.35714285714285715,0.4489795918367347,False,True,1431.1200000000001
2024,Simi,7,7,0,1418.34,1327.08,0.5194499254686896,0.48055007453131043,1,4,7,1,6,7,3,0,0,1,47.0,51.0,14,0.5,0.47959183673469385,False,False,1428.6200000000001
2024,Tommy,11,3,0,1564.74,1388.7,0.5275246095837338,0.4724753904162662,4,9,9,2,3,5,2,1,0,0,64.0,34.0,14,0.7857142857142857,0.6530612244897959,True,False,1407.7057142857143
2025,Benni,9,5,0,1443.84,1495.84,0.49259957731385995,0.50740042268614,4,6,7,1,3,7,1,4,1,0,58.0,40.0,14,0.6428571428571429,0.5918367346938775,True,False,1386.9657142857143
2025,Erik,6,8,0,1245.54,1334.0,0.48777641195524934,0.5122235880447507,1,2,2,1,11,12,1,2,0,1,31.0,67.0,14,0.42857142857142855,0.3163265306122449,False,True,1415.2942857142857
2025,Juschka,3,11,0,1380.68,1465.22,0.4796737057942341,0.5203262942057659,3,5,8,4,6,6,2,2,0,1,46.0,52.0,14,0.21428571428571427,0.46938775510204084,False,True,1395.9885714285715
2025,Kessi,7,7,0,1360.92,1281.66,0.5152820821037506,0.48471791789624946,1,6,8,2,5,6,3,1,0,2,50.0,48.0,14,0.5,0.5102040816326531,False,False,1398.8114285714287
2025,Marv,10,4,0,1449.98,1306.14,0.5268099381534985,0.4731900618465015,3,5,8,1,3,6,3,0,1,0,55.0,43.0,14,0.7142857142857143,0.5612244897959183,True,False,1386.0885714285716
2025,Ritz,10,4,0,1487.26,1382.16,0.5164951506941983,0.4835048493058017,0,6,9,1,3,5,2,2,2,0,56.5,41.5,14,0.7142857142857143,0.576530612244898,True,False,1380.7628571428572
2025,Simi,6,8,0,1402.96,1366.06,0.5020617335345512,0.49793826646544886,2,4,6,1,7,8,2,1,0,0,45.0,53.0,14,0.42857142857142855,0.45918367346938777,False,True,1392.8057142857142
2025,Tommy,5,9,0,1381.42,1521.52,0.4793014004506581,0.5206985995493418,0,8,9,3,4,5,1,3,2,2,50.5,47.5,14,0.35714285714285715,0.5153061224489796,False,True,1395.8828571428571
